{
    "info": {
        "added": 1501006298.940166, 
        "started": 1501006944.718576, 
        "duration": 52, 
        "ended": 1501006997.71292, 
        "owner": null, 
        "score": 1.2, 
        "id": 7, 
        "category": "file", 
        "git": {
            "head": "", 
            "fetch_head": ""
        }, 
        "monitor": "2bd01ede5c5258d5fce2e38bc58348a62c11ce33", 
        "package": "exe", 
        "route": "tor", 
        "custom": null, 
        "machine": {
            "status": "stopped", 
            "name": "cuckoo1", 
            "label": "cuckoo1", 
            "manager": "VirtualBox", 
            "started_on": "2017-07-25 18:22:25", 
            "shutdown_on": "2017-07-25 18:23:17"
        }, 
        "platform": null, 
        "version": "2.0.4a3", 
        "options": "procmemdump=yes,route=tor"
    }, 
    "signatures": [
        {
            "markcount": 1, 
            "families": [], 
            "description": "Performs some HTTP requests", 
            "severity": 2, 
            "marks": [
                {
                    "category": "request", 
                    "ioc": "GET http://www.msftncsi.com/ncsi.txt", 
                    "type": "ioc", 
                    "description": null
                }
            ], 
            "references": [], 
            "name": "network_http"
        }, 
        {
            "markcount": 0, 
            "families": [], 
            "description": "Generates some ICMP traffic", 
            "severity": 4, 
            "marks": [], 
            "references": [], 
            "name": "network_icmp"
        }
    ], 
    "target": {
        "category": "file", 
        "file": {
            "yara": [], 
            "sha1": "63d948dc5fe885db576faeff31399c7e25e272f3", 
            "name": "Lab_02-1.exe", 
            "type": "PE32 executable (console) Intel 80386, for MS Windows", 
            "sha256": "0d6ca46a1d62c6a7fcadb184aee9f06444e7f80fa6098826b750933e2af1b393", 
            "urls": [
                "http://reversing.rocks/"
            ], 
            "crc32": "4B8BDC45", 
            "path": "/home/tempuser/.cuckoo/storage/binaries/0d6ca46a1d62c6a7fcadb184aee9f06444e7f80fa6098826b750933e2af1b393", 
            "ssdeep": null, 
            "size": 6656, 
            "sha512": "22ae3bdd4183a3c9539bd6444ed892cc9cb09c9ebab24c8285efc39f89203d141996509038e64ab6679788a262bcbe880d155b2c974166c527dc16c9a72da008", 
            "md5": "ae8a8530a53c91a0c330445fe8d8297c"
        }
    }, 
    "network": {
        "tls": [], 
        "udp": [
            {
                "src": "192.168.56.101", 
                "dst": "192.168.56.255", 
                "offset": 3887, 
                "time": 12.209115982055664, 
                "dport": 137, 
                "sport": 137
            }, 
            {
                "src": "192.168.56.101", 
                "dst": "192.168.56.255", 
                "offset": 8567, 
                "time": 18.20881414413452, 
                "dport": 138, 
                "sport": 138
            }, 
            {
                "src": "192.168.56.101", 
                "dst": "224.0.0.252", 
                "offset": 12017, 
                "time": 12.14159607887268, 
                "dport": 5355, 
                "sport": 53182
            }, 
            {
                "src": "192.168.56.101", 
                "dst": "224.0.0.252", 
                "offset": 12377, 
                "time": 17.094731092453003, 
                "dport": 5355, 
                "sport": 54614
            }, 
            {
                "src": "192.168.56.101", 
                "dst": "224.0.0.252", 
                "offset": 12737, 
                "time": 10.418148040771484, 
                "dport": 5355, 
                "sport": 56928
            }, 
            {
                "src": "192.168.56.101", 
                "dst": "224.0.0.252", 
                "offset": 13065, 
                "time": 10.142222166061401, 
                "dport": 5355, 
                "sport": 57887
            }, 
            {
                "src": "192.168.56.101", 
                "dst": "224.0.0.252", 
                "offset": 13425, 
                "time": 12.14269208908081, 
                "dport": 5355, 
                "sport": 60283
            }, 
            {
                "src": "192.168.56.101", 
                "dst": "224.0.0.252", 
                "offset": 13753, 
                "time": 17.395827054977417, 
                "dport": 5355, 
                "sport": 61896
            }, 
            {
                "src": "192.168.56.101", 
                "dst": "224.0.0.252", 
                "offset": 14113, 
                "time": 11.21621298789978, 
                "dport": 5355, 
                "sport": 62503
            }, 
            {
                "src": "192.168.56.101", 
                "dst": "224.0.0.252", 
                "offset": 14433, 
                "time": 17.709686040878296, 
                "dport": 5355, 
                "sport": 63406
            }, 
            {
                "src": "192.168.56.101", 
                "dst": "51.141.32.51", 
                "offset": 14793, 
                "time": 19.849308013916016, 
                "dport": 123, 
                "sport": 123
            }, 
            {
                "src": "192.168.56.101", 
                "dst": "8.8.8.8", 
                "offset": 14899, 
                "time": 11.476829051971436, 
                "dport": 53, 
                "sport": 50761
            }, 
            {
                "src": "192.168.56.101", 
                "dst": "8.8.8.8", 
                "offset": 15083, 
                "time": 11.538618087768555, 
                "dport": 53, 
                "sport": 55392
            }, 
            {
                "src": "192.168.56.101", 
                "dst": "8.8.8.8", 
                "offset": 15283, 
                "time": 18.169186115264893, 
                "dport": 53, 
                "sport": 56391
            }, 
            {
                "src": "192.168.56.101", 
                "dst": "8.8.8.8", 
                "offset": 15483, 
                "time": 17.207782983779907, 
                "dport": 53, 
                "sport": 58050
            }, 
            {
                "src": "192.168.56.101", 
                "dst": "8.8.8.8", 
                "offset": 15701, 
                "time": 11.286697149276733, 
                "dport": 53, 
                "sport": 59155
            }, 
            {
                "src": "192.168.56.101", 
                "dst": "8.8.8.8", 
                "offset": 15901, 
                "time": 12.142532110214233, 
                "dport": 53, 
                "sport": 61297
            }
        ], 
        "dns_servers": [
            "8.8.8.8"
        ], 
        "http": [
            {
                "count": 1, 
                "body": "", 
                "uri": "http://www.msftncsi.com/ncsi.txt", 
                "user-agent": "Microsoft NCSI", 
                "method": "GET", 
                "host": "www.msftncsi.com", 
                "version": "1.1", 
                "path": "/ncsi.txt", 
                "data": "GET /ncsi.txt HTTP/1.1\r\nConnection: Close\r\nUser-Agent: Microsoft NCSI\r\nHost: www.msftncsi.com\r\n\r\n", 
                "port": 80
            }
        ], 
        "icmp": [
            {
                "src": "51.141.32.51", 
                "dst": "192.168.56.101", 
                "type": 3, 
                "data": ""
            }
        ], 
        "smtp": [], 
        "tcp": [
            {
                "src": "192.0.78.24", 
                "dst": "192.168.56.101", 
                "offset": 2982, 
                "time": 0.6745040416717529, 
                "dport": 49173, 
                "sport": 443
            }, 
            {
                "src": "192.168.56.101", 
                "dst": "80.97.209.187", 
                "offset": 16353, 
                "time": 16.154882192611694, 
                "dport": 80, 
                "sport": 49158
            }
        ], 
        "smtp_ex": [], 
        "mitm": [], 
        "hosts": [
            "192.0.78.24", 
            "51.141.32.51", 
            "8.8.8.8", 
            "80.97.209.187"
        ], 
        "pcap_sha256": "2c1b131ce2e2513685cdc3c044e7c266ce3d6ededb5e590687e515a989f80d51", 
        "dns": [
            {
                "type": "A", 
                "request": "dns.msftncsi.com", 
                "answers": [
                    {
                        "data": "131.107.255.255", 
                        "type": "A"
                    }
                ]
            }, 
            {
                "type": "A", 
                "request": "www.msftncsi.com", 
                "answers": [
                    {
                        "data": "80.97.209.187", 
                        "type": "A"
                    }
                ]
            }, 
            {
                "type": "A", 
                "request": "time.windows.com", 
                "answers": [
                    {
                        "data": "51.141.32.51", 
                        "type": "A"
                    }
                ]
            }, 
            {
                "type": "AAAA", 
                "request": "dns.msftncsi.com", 
                "answers": []
            }, 
            {
                "type": "A", 
                "request": "teredo.ipv6.microsoft.com", 
                "answers": [
                    {
                        "data": "157.56.106.189", 
                        "type": "A"
                    }
                ]
            }
        ], 
        "http_ex": [
            {
                "status": 200, 
                "src": "192.168.56.101", 
                "resp": {
                    "path": "/home/tempuser/.cuckoo/storage/analyses/7/network/33bf88d5b82df3723d5863c7d23445e345828904", 
                    "sha1": "33bf88d5b82df3723d5863c7d23445e345828904", 
                    "md5": "cd5a4d3fdd5bffc16bf959ef75cf37bc"
                }, 
                "sha1": "33bf88d5b82df3723d5863c7d23445e345828904", 
                "protocol": "http", 
                "dst": "80.97.209.187", 
                "req": {
                    "path": "/home/tempuser/.cuckoo/storage/analyses/7/network/da39a3ee5e6b4b0d3255bfef95601890afd80709", 
                    "sha1": "da39a3ee5e6b4b0d3255bfef95601890afd80709", 
                    "md5": "d41d8cd98f00b204e9800998ecf8427e"
                }, 
                "request": "GET /ncsi.txt HTTP/1.1\r\nConnection: Close\r\nUser-Agent: Microsoft NCSI\r\nHost: www.msftncsi.com", 
                "uri": "/ncsi.txt", 
                "response": "HTTP/1.1 200 OK\r\nContent-Length: 14\r\nDate: Tue, 25 Jul 2017 17:22:42 GMT\r\nConnection: close\r\nContent-Type: text/plain\r\nCache-Control: max-age=30, must-revalidate", 
                "host": "www.msftncsi.com", 
                "dport": 80, 
                "path": "/home/tempuser/.cuckoo/storage/analyses/7/network/33bf88d5b82df3723d5863c7d23445e345828904", 
                "sport": 49158, 
                "method": "GET", 
                "md5": "cd5a4d3fdd5bffc16bf959ef75cf37bc"
            }
        ], 
        "domains": [
            {
                "ip": "131.107.255.255", 
                "domain": "dns.msftncsi.com"
            }, 
            {
                "ip": "23.215.130.146", 
                "domain": "www.msftncsi.com"
            }, 
            {
                "ip": "94.245.121.251", 
                "domain": "teredo.ipv6.microsoft.com"
            }
        ], 
        "dead_hosts": [], 
        "sorted_pcap_sha256": "b1f1368b995ea90847587487a94672a8f3abd8ee0e03a3b5ee6dfc4f9bbf496b", 
        "irc": [], 
        "https_ex": []
    }, 
    "static": {
        "pdb_path": null, 
        "pe_imports": [
            {
                "imports": [
                    {
                        "name": "FindFirstFileA", 
                        "address": "0x402000"
                    }, 
                    {
                        "name": "FindClose", 
                        "address": "0x402004"
                    }, 
                    {
                        "name": "FindNextFileA", 
                        "address": "0x402008"
                    }, 
                    {
                        "name": "IsDebuggerPresent", 
                        "address": "0x40200c"
                    }, 
                    {
                        "name": "DecodePointer", 
                        "address": "0x402010"
                    }, 
                    {
                        "name": "GetSystemTimeAsFileTime", 
                        "address": "0x402014"
                    }, 
                    {
                        "name": "GetCurrentThreadId", 
                        "address": "0x402018"
                    }, 
                    {
                        "name": "GetCurrentProcessId", 
                        "address": "0x40201c"
                    }, 
                    {
                        "name": "QueryPerformanceCounter", 
                        "address": "0x402020"
                    }, 
                    {
                        "name": "EncodePointer", 
                        "address": "0x402024"
                    }, 
                    {
                        "name": "IsProcessorFeaturePresent", 
                        "address": "0x402028"
                    }
                ], 
                "dll": "KERNEL32.dll"
            }, 
            {
                "imports": [
                    {
                        "name": "InternetCloseHandle", 
                        "address": "0x4020a0"
                    }, 
                    {
                        "name": "InternetOpenA", 
                        "address": "0x4020a4"
                    }, 
                    {
                        "name": "HttpEndRequestA", 
                        "address": "0x4020a8"
                    }, 
                    {
                        "name": "InternetCheckConnectionA", 
                        "address": "0x4020ac"
                    }, 
                    {
                        "name": "HttpOpenRequestA", 
                        "address": "0x4020b0"
                    }, 
                    {
                        "name": "InternetWriteFile", 
                        "address": "0x4020b4"
                    }, 
                    {
                        "name": "InternetConnectA", 
                        "address": "0x4020b8"
                    }, 
                    {
                        "name": "HttpSendRequestExA", 
                        "address": "0x4020bc"
                    }
                ], 
                "dll": "WININET.dll"
            }, 
            {
                "imports": [
                    {
                        "name": "_lock", 
                        "address": "0x402030"
                    }, 
                    {
                        "name": "exit", 
                        "address": "0x402034"
                    }, 
                    {
                        "name": "_XcptFilter", 
                        "address": "0x402038"
                    }, 
                    {
                        "name": "_amsg_exit", 
                        "address": "0x40203c"
                    }, 
                    {
                        "name": "__getmainargs", 
                        "address": "0x402040"
                    }, 
                    {
                        "name": "__set_app_type", 
                        "address": "0x402044"
                    }, 
                    {
                        "name": "_exit", 
                        "address": "0x402048"
                    }, 
                    {
                        "name": "_cexit", 
                        "address": "0x40204c"
                    }, 
                    {
                        "name": "_configthreadlocale", 
                        "address": "0x402050"
                    }, 
                    {
                        "name": "__setusermatherr", 
                        "address": "0x402054"
                    }, 
                    {
                        "name": "_initterm_e", 
                        "address": "0x402058"
                    }, 
                    {
                        "name": "_initterm", 
                        "address": "0x40205c"
                    }, 
                    {
                        "name": "__crtTerminateProcess", 
                        "address": "0x402060"
                    }, 
                    {
                        "name": "_fmode", 
                        "address": "0x402064"
                    }, 
                    {
                        "name": "_commode", 
                        "address": "0x402068"
                    }, 
                    {
                        "name": "?terminate@@YAXXZ", 
                        "address": "0x40206c"
                    }, 
                    {
                        "name": "__crtSetUnhandledExceptionFilter", 
                        "address": "0x402070"
                    }, 
                    {
                        "name": "__initenv", 
                        "address": "0x402074"
                    }, 
                    {
                        "name": "_unlock", 
                        "address": "0x402078"
                    }, 
                    {
                        "name": "_calloc_crt", 
                        "address": "0x40207c"
                    }, 
                    {
                        "name": "__dllonexit", 
                        "address": "0x402080"
                    }, 
                    {
                        "name": "_onexit", 
                        "address": "0x402084"
                    }, 
                    {
                        "name": "_invoke_watson", 
                        "address": "0x402088"
                    }, 
                    {
                        "name": "_controlfp_s", 
                        "address": "0x40208c"
                    }, 
                    {
                        "name": "_except_handler4_common", 
                        "address": "0x402090"
                    }, 
                    {
                        "name": "_crt_debugger_hook", 
                        "address": "0x402094"
                    }, 
                    {
                        "name": "__crtUnhandledException", 
                        "address": "0x402098"
                    }
                ], 
                "dll": "MSVCR120.dll"
            }
        ], 
        "peid_signatures": null, 
        "keys": [], 
        "signature": [], 
        "pe_timestamp": "2015-07-13 06:41:48", 
        "pe_exports": [], 
        "imported_dll_count": 3, 
        "pe_imphash": "068859be3ea70befcb551d490b17bbab", 
        "pe_resources": [
            {
                "name": "RT_MANIFEST", 
                "language": "LANG_ENGLISH", 
                "filetype": "XML 1.0 document text", 
                "sublanguage": "SUBLANG_ENGLISH_US", 
                "offset": "0x00004060", 
                "size": "0x0000017d"
            }
        ], 
        "pe_versioninfo": [], 
        "pe_sections": [
            {
                "size_of_data": "0x00000a00", 
                "virtual_address": "0x00001000", 
                "entropy": 6.063211023519314, 
                "name": ".text", 
                "virtual_size": "0x000009fc"
            }, 
            {
                "size_of_data": "0x00000800", 
                "virtual_address": "0x00002000", 
                "entropy": 4.190795647494028, 
                "name": ".rdata", 
                "virtual_size": "0x0000066e"
            }, 
            {
                "size_of_data": "0x00000200", 
                "virtual_address": "0x00003000", 
                "entropy": 0.3645144119505679, 
                "name": ".data", 
                "virtual_size": "0x0000038c"
            }, 
            {
                "size_of_data": "0x00000200", 
                "virtual_address": "0x00004000", 
                "entropy": 4.7015032582517895, 
                "name": ".rsrc", 
                "virtual_size": "0x000001e0"
            }
        ]
    }, 
    "behavior": {
        "generic": [
            {
                "process_path": "C:\\Windows\\System32\\lsass.exe", 
                "process_name": "lsass.exe", 
                "pid": 460, 
                "summary": {}, 
                "first_seen": 1501002698.640625, 
                "ppid": 352
            }
        ], 
        "processes": [
            {
                "process_path": "C:\\Windows\\System32\\lsass.exe", 
                "calls": [], 
                "track": false, 
                "pid": 460, 
                "process_name": "lsass.exe", 
                "command_line": "C:\\Windows\\system32\\lsass.exe", 
                "modules": [
                    {
                        "basename": "lsass.exe", 
                        "imgsize": 49152, 
                        "baseaddr": "0x100000000", 
                        "filepath": "C:\\Windows\\system32\\lsass.exe"
                    }, 
                    {
                        "basename": "ntdll.dll", 
                        "imgsize": 1740800, 
                        "baseaddr": "0x78e50000", 
                        "filepath": "C:\\Windows\\SYSTEM32\\ntdll.dll"
                    }, 
                    {
                        "basename": "kernel32.dll", 
                        "imgsize": 1175552, 
                        "baseaddr": "0x78d20000", 
                        "filepath": "C:\\Windows\\system32\\kernel32.dll"
                    }, 
                    {
                        "basename": "KERNELBASE.dll", 
                        "imgsize": 438272, 
                        "baseaddr": "0x7ff38880000", 
                        "filepath": "C:\\Windows\\system32\\KERNELBASE.dll"
                    }, 
                    {
                        "basename": "msvcrt.dll", 
                        "imgsize": 651264, 
                        "baseaddr": "0x7ff756a0000", 
                        "filepath": "C:\\Windows\\system32\\msvcrt.dll"
                    }, 
                    {
                        "basename": "RPCRT4.dll", 
                        "imgsize": 1232896, 
                        "baseaddr": "0x7ff7fde0000", 
                        "filepath": "C:\\Windows\\system32\\RPCRT4.dll"
                    }, 
                    {
                        "basename": "SspiSrv.dll", 
                        "imgsize": 45056, 
                        "baseaddr": "0x7ff254b0000", 
                        "filepath": "C:\\Windows\\system32\\SspiSrv.dll"
                    }, 
                    {
                        "basename": "lsasrv.dll", 
                        "imgsize": 1470464, 
                        "baseaddr": "0x7ff7d000000", 
                        "filepath": "C:\\Windows\\system32\\lsasrv.dll"
                    }, 
                    {
                        "basename": "sechost.dll", 
                        "imgsize": 126976, 
                        "baseaddr": "0x7ff2d2e0000", 
                        "filepath": "C:\\Windows\\SYSTEM32\\sechost.dll"
                    }, 
                    {
                        "basename": "SspiCli.dll", 
                        "imgsize": 151552, 
                        "baseaddr": "0x7ff2c960000", 
                        "filepath": "C:\\Windows\\system32\\SspiCli.dll"
                    }, 
                    {
                        "basename": "ADVAPI32.dll", 
                        "imgsize": 897024, 
                        "baseaddr": "0x7ff7ff10000", 
                        "filepath": "C:\\Windows\\system32\\ADVAPI32.dll"
                    }, 
                    {
                        "basename": "USER32.dll", 
                        "imgsize": 1024000, 
                        "baseaddr": "0x78c20000", 
                        "filepath": "C:\\Windows\\system32\\USER32.dll"
                    }, 
                    {
                        "basename": "GDI32.dll", 
                        "imgsize": 421888, 
                        "baseaddr": "0x7ff7fd70000", 
                        "filepath": "C:\\Windows\\system32\\GDI32.dll"
                    }, 
                    {
                        "basename": "LPK.dll", 
                        "imgsize": 57344, 
                        "baseaddr": "0x7ff70410000", 
                        "filepath": "C:\\Windows\\system32\\LPK.dll"
                    }, 
                    {
                        "basename": "USP10.dll", 
                        "imgsize": 823296, 
                        "baseaddr": "0x7ff760c0000", 
                        "filepath": "C:\\Windows\\system32\\USP10.dll"
                    }, 
                    {
                        "basename": "SAMSRV.dll", 
                        "imgsize": 774144, 
                        "baseaddr": "0x7ff75b40000", 
                        "filepath": "C:\\Windows\\system32\\SAMSRV.dll"
                    }, 
                    {
                        "basename": "cryptdll.dll", 
                        "imgsize": 81920, 
                        "baseaddr": "0x7ff710b0000", 
                        "filepath": "C:\\Windows\\system32\\cryptdll.dll"
                    }, 
                    {
                        "basename": "MSASN1.dll", 
                        "imgsize": 61440, 
                        "baseaddr": "0x7ff70ca0000", 
                        "filepath": "C:\\Windows\\system32\\MSASN1.dll"
                    }, 
                    {
                        "basename": "wevtapi.dll", 
                        "imgsize": 446464, 
                        "baseaddr": "0x7ff739d0000", 
                        "filepath": "C:\\Windows\\system32\\wevtapi.dll"
                    }, 
                    {
                        "basename": "IMM32.DLL", 
                        "imgsize": 188416, 
                        "baseaddr": "0x7ff718f0000", 
                        "filepath": "C:\\Windows\\system32\\IMM32.DLL"
                    }, 
                    {
                        "basename": "MSCTF.dll", 
                        "imgsize": 1085440, 
                        "baseaddr": "0x7ff774b0000", 
                        "filepath": "C:\\Windows\\system32\\MSCTF.dll"
                    }, 
                    {
                        "basename": "cngaudit.dll", 
                        "imgsize": 36864, 
                        "baseaddr": "0x7ff268a0000", 
                        "filepath": "C:\\Windows\\system32\\cngaudit.dll"
                    }, 
                    {
                        "basename": "AUTHZ.dll", 
                        "imgsize": 192512, 
                        "baseaddr": "0x7ff73000000", 
                        "filepath": "C:\\Windows\\system32\\AUTHZ.dll"
                    }, 
                    {
                        "basename": "ncrypt.dll", 
                        "imgsize": 319488, 
                        "baseaddr": "0x7ff729d0000", 
                        "filepath": "C:\\Windows\\system32\\ncrypt.dll"
                    }, 
                    {
                        "basename": "bcrypt.dll", 
                        "imgsize": 139264, 
                        "baseaddr": "0x7ff71ad0000", 
                        "filepath": "C:\\Windows\\system32\\bcrypt.dll"
                    }, 
                    {
                        "basename": "msprivs.DLL", 
                        "imgsize": 8192, 
                        "baseaddr": "0x2a0000", 
                        "filepath": "C:\\Windows\\system32\\msprivs.DLL"
                    }, 
                    {
                        "basename": "netjoin.dll", 
                        "imgsize": 204800, 
                        "baseaddr": "0x7ff313c0000", 
                        "filepath": "C:\\Windows\\system32\\netjoin.dll"
                    }, 
                    {
                        "basename": "negoexts.DLL", 
                        "imgsize": 147456, 
                        "baseaddr": "0x7ff2da20000", 
                        "filepath": "C:\\Windows\\system32\\negoexts.DLL"
                    }, 
                    {
                        "basename": "Secur32.dll", 
                        "imgsize": 45056, 
                        "baseaddr": "0x7ff70200000", 
                        "filepath": "C:\\Windows\\system32\\Secur32.dll"
                    }, 
                    {
                        "basename": "cryptbase.dll", 
                        "imgsize": 61440, 
                        "baseaddr": "0x7ff2ade0000", 
                        "filepath": "C:\\Windows\\system32\\cryptbase.dll"
                    }, 
                    {
                        "basename": "kerberos.DLL", 
                        "imgsize": 737280, 
                        "baseaddr": "0x7ff75e80000", 
                        "filepath": "C:\\Windows\\system32\\kerberos.DLL"
                    }, 
                    {
                        "basename": "CRYPTSP.dll", 
                        "imgsize": 94208, 
                        "baseaddr": "0x7ff2ada0000", 
                        "filepath": "C:\\Windows\\system32\\CRYPTSP.dll"
                    }, 
                    {
                        "basename": "WS2_32.dll", 
                        "imgsize": 315392, 
                        "baseaddr": "0x7ff724e0000", 
                        "filepath": "C:\\Windows\\system32\\WS2_32.dll"
                    }, 
                    {
                        "basename": "NSI.dll", 
                        "imgsize": 32768, 
                        "baseaddr": "0x7ff70310000", 
                        "filepath": "C:\\Windows\\system32\\NSI.dll"
                    }, 
                    {
                        "basename": "mswsock.dll", 
                        "imgsize": 348160, 
                        "baseaddr": "0x7ff734a0000", 
                        "filepath": "C:\\Windows\\system32\\mswsock.dll"
                    }, 
                    {
                        "basename": "wship6.dll", 
                        "imgsize": 28672, 
                        "baseaddr": "0x7ff70060000", 
                        "filepath": "C:\\Windows\\System32\\wship6.dll"
                    }, 
                    {
                        "basename": "msv1_0.DLL", 
                        "imgsize": 331776, 
                        "baseaddr": "0x7ff73500000", 
                        "filepath": "C:\\Windows\\system32\\msv1_0.DLL"
                    }, 
                    {
                        "basename": "netlogon.DLL", 
                        "imgsize": 712704, 
                        "baseaddr": "0x7ff755f0000", 
                        "filepath": "C:\\Windows\\system32\\netlogon.DLL"
                    }, 
                    {
                        "basename": "DNSAPI.dll", 
                        "imgsize": 372736, 
                        "baseaddr": "0x7ff73740000", 
                        "filepath": "C:\\Windows\\system32\\DNSAPI.dll"
                    }, 
                    {
                        "basename": "logoncli.dll", 
                        "imgsize": 196608, 
                        "baseaddr": "0x7ff31ac0000", 
                        "filepath": "C:\\Windows\\system32\\logoncli.dll"
                    }, 
                    {
                        "basename": "schannel.DLL", 
                        "imgsize": 356352, 
                        "baseaddr": "0x7ff73160000", 
                        "filepath": "C:\\Windows\\system32\\schannel.DLL"
                    }, 
                    {
                        "basename": "CRYPT32.dll", 
                        "imgsize": 1470464, 
                        "baseaddr": "0x7ff7fc00000", 
                        "filepath": "C:\\Windows\\system32\\CRYPT32.dll"
                    }, 
                    {
                        "basename": "wdigest.DLL", 
                        "imgsize": 221184, 
                        "baseaddr": "0x7ff71d40000", 
                        "filepath": "C:\\Windows\\system32\\wdigest.DLL"
                    }, 
                    {
                        "basename": "rsaenh.dll", 
                        "imgsize": 290816, 
                        "baseaddr": "0x7ff330e0000", 
                        "filepath": "C:\\Windows\\system32\\rsaenh.dll"
                    }, 
                    {
                        "basename": "tspkg.DLL", 
                        "imgsize": 98304, 
                        "baseaddr": "0x7ff70780000", 
                        "filepath": "C:\\Windows\\system32\\tspkg.DLL"
                    }, 
                    {
                        "basename": "pku2u.DLL", 
                        "imgsize": 282624, 
                        "baseaddr": "0x7ff333b0000", 
                        "filepath": "C:\\Windows\\system32\\pku2u.DLL"
                    }, 
                    {
                        "basename": "bcryptprimitives.dll", 
                        "imgsize": 311296, 
                        "baseaddr": "0x7ff67c00000", 
                        "filepath": "C:\\Windows\\system32\\bcryptprimitives.dll"
                    }, 
                    {
                        "basename": "RpcRtRemote.dll", 
                        "imgsize": 81920, 
                        "baseaddr": "0x7ff285e0000", 
                        "filepath": "C:\\Windows\\system32\\RpcRtRemote.dll"
                    }, 
                    {
                        "basename": "efslsaext.dll", 
                        "imgsize": 73728, 
                        "baseaddr": "0x7ff2a940000", 
                        "filepath": "C:\\Windows\\system32\\efslsaext.dll"
                    }, 
                    {
                        "basename": "scecli.DLL", 
                        "imgsize": 253952, 
                        "baseaddr": "0x7ff71fc0000", 
                        "filepath": "C:\\Windows\\system32\\scecli.DLL"
                    }, 
                    {
                        "basename": "credssp.dll", 
                        "imgsize": 40960, 
                        "baseaddr": "0x7ff7a400000", 
                        "filepath": "C:\\Windows\\system32\\credssp.dll"
                    }, 
                    {
                        "basename": "WINSTA.dll", 
                        "imgsize": 249856, 
                        "baseaddr": "0x7ff71c00000", 
                        "filepath": "C:\\Windows\\system32\\WINSTA.dll"
                    }, 
                    {
                        "basename": "IPHLPAPI.DLL", 
                        "imgsize": 159744, 
                        "baseaddr": "0x7ff71890000", 
                        "filepath": "C:\\Windows\\system32\\IPHLPAPI.DLL"
                    }, 
                    {
                        "basename": "WINNSI.DLL", 
                        "imgsize": 45056, 
                        "baseaddr": "0x7ff700a0000", 
                        "filepath": "C:\\Windows\\system32\\WINNSI.DLL"
                    }, 
                    {
                        "basename": "netutils.dll", 
                        "imgsize": 49152, 
                        "baseaddr": "0x7ff25b00000", 
                        "filepath": "C:\\Windows\\system32\\netutils.dll"
                    }, 
                    {
                        "basename": "USERENV.dll", 
                        "imgsize": 122880, 
                        "baseaddr": "0x7ff70720000", 
                        "filepath": "C:\\Windows\\system32\\USERENV.dll"
                    }, 
                    {
                        "basename": "profapi.dll", 
                        "imgsize": 61440, 
                        "baseaddr": "0x7ff28800000", 
                        "filepath": "C:\\Windows\\system32\\profapi.dll"
                    }, 
                    {
                        "basename": "wshtcpip.dll", 
                        "imgsize": 28672, 
                        "baseaddr": "0x7ff70030000", 
                        "filepath": "C:\\Windows\\System32\\wshtcpip.dll"
                    }, 
                    {
                        "basename": "monitor-x64.dll", 
                        "imgsize": 2224128, 
                        "baseaddr": "0x65a80000", 
                        "filepath": "C:\\tmpmedxdr\\bin\\monitor-x64.dll"
                    }
                ], 
                "time": 0, 
                "tid": 2444, 
                "first_seen": 1501002698.640625, 
                "ppid": 352, 
                "type": "process"
            }
        ], 
        "processtree": [
            {
                "track": false, 
                "pid": 460, 
                "process_name": "lsass.exe", 
                "command_line": "C:\\Windows\\system32\\lsass.exe", 
                "first_seen": 1501002698.640625, 
                "ppid": 352, 
                "children": []
            }
        ]
    }, 
    "debug": {
        "action": [], 
        "dbgview": [], 
        "errors": [], 
        "log": [
            "2017-07-25 18:11:38,015 [analyzer] DEBUG: Starting analyzer from: C:\\tmpmedxdr\n", 
            "2017-07-25 18:11:38,015 [analyzer] DEBUG: Pipe server name: \\??\\PIPE\\RfyYHdLxTffboOREzZnfmezq\n", 
            "2017-07-25 18:11:38,015 [analyzer] DEBUG: Log pipe server name: \\??\\PIPE\\EFuHJPhpWHCfyiyFHQ\n", 
            "2017-07-25 18:11:38,203 [analyzer] DEBUG: Started auxiliary module DbgView\n", 
            "2017-07-25 18:11:38,483 [analyzer] DEBUG: Started auxiliary module Disguise\n", 
            "2017-07-25 18:11:38,578 [analyzer] WARNING: Unable to find the correct offsets for functions of: 64-bit kernel32.dll (with timestamp 0x50b8479a)\n", 
            "2017-07-25 18:11:38,578 [analyzer] WARNING: Unable to find the correct offsets for functions of: 64-bit kernel32.dll (with timestamp 0x50b8479a)\n", 
            "2017-07-25 18:11:38,640 [analyzer] DEBUG: Loaded monitor into process with pid 460\n", 
            "2017-07-25 18:11:38,640 [analyzer] DEBUG: Started auxiliary module DumpTLSMasterSecrets\n", 
            "2017-07-25 18:11:38,640 [analyzer] DEBUG: Started auxiliary module Human\n", 
            "2017-07-25 18:11:38,640 [analyzer] DEBUG: Started auxiliary module InstallCertificate\n", 
            "2017-07-25 18:11:38,640 [analyzer] DEBUG: Started auxiliary module Reboot\n", 
            "2017-07-25 18:11:38,687 [analyzer] DEBUG: Started auxiliary module RecentFiles\n", 
            "2017-07-25 18:11:38,703 [analyzer] DEBUG: Started auxiliary module Screenshots\n", 
            "2017-07-25 18:11:38,703 [analyzer] DEBUG: Started auxiliary module LoadZer0m0n\n", 
            "2017-07-25 18:11:38,750 [lib.api.process] INFO: Successfully executed process from path u'C:\\\\Users\\\\ADMINI~1\\\\AppData\\\\Local\\\\Temp\\\\Lab_02-1.exe' with arguments '' and pid 2524\n", 
            "2017-07-25 18:11:39,750 [analyzer] INFO: Process with pid 2524 has terminated\n", 
            "2017-07-25 18:11:39,750 [analyzer] INFO: Process list is empty, terminating analysis.\n", 
            "2017-07-25 18:11:40,765 [analyzer] INFO: Analysis completed.\n"
        ], 
        "cuckoo": [
            "2017-07-25 18:22:25,435 [cuckoo.core.scheduler] INFO: Task #7: acquired machine cuckoo1 (label=cuckoo1)\n", 
            "2017-07-25 18:22:25,454 [cuckoo.auxiliary.sniffer] INFO: Started sniffer with PID 2848 (interface=vboxnet0, host=192.168.56.101)\n", 
            "2017-07-25 18:22:25,454 [cuckoo.core.plugins] DEBUG: Started auxiliary module: Sniffer\n", 
            "2017-07-25 18:22:25,934 [cuckoo.machinery.virtualbox] DEBUG: Starting vm cuckoo1\n", 
            "2017-07-25 18:22:26,179 [cuckoo.machinery.virtualbox] DEBUG: Restoring virtual machine cuckoo1 to its current snapshot\n", 
            "2017-07-25 18:22:30,692 [cuckoo.core.guest] INFO: Starting analysis on guest (id=cuckoo1, ip=192.168.56.101)\n", 
            "2017-07-25 18:22:31,698 [cuckoo.core.guest] DEBUG: cuckoo1: not ready yet\n", 
            "2017-07-25 18:22:32,706 [cuckoo.core.guest] DEBUG: cuckoo1: not ready yet\n", 
            "2017-07-25 18:22:33,373 [cuckoo.core.guest] DEBUG: cuckoo1: not ready yet\n", 
            "2017-07-25 18:22:35,384 [cuckoo.core.guest] INFO: Guest is running Cuckoo Agent 0.7 (id=cuckoo1, ip=192.168.56.101)\n", 
            "2017-07-25 18:22:36,021 [cuckoo.core.guest] DEBUG: Uploading analyzer to guest (id=cuckoo1, ip=192.168.56.101, monitor=latest, size=3819773)\n", 
            "2017-07-25 18:22:43,628 [cuckoo.core.guest] DEBUG: cuckoo1: analysis still processing\n", 
            "2017-07-25 18:22:43,675 [cuckoo.core.resultserver] DEBUG: LogHandler for live analysis.log initialized.\n", 
            "2017-07-25 18:22:44,671 [cuckoo.core.guest] DEBUG: cuckoo1: analysis still processing\n", 
            "2017-07-25 18:22:45,534 [cuckoo.core.resultserver] DEBUG: File upload request for shots/0001.jpg\n", 
            "2017-07-25 18:22:45,538 [cuckoo.core.resultserver] DEBUG: Uploaded file length: 67648\n", 
            "2017-07-25 18:22:45,690 [cuckoo.core.guest] DEBUG: cuckoo1: analysis still processing\n", 
            "2017-07-25 18:22:46,694 [cuckoo.core.guest] INFO: cuckoo1: analysis completed successfully\n", 
            "2017-07-25 18:22:46,853 [cuckoo.core.plugins] DEBUG: Stopped auxiliary module: Sniffer\n", 
            "2017-07-25 18:23:12,250 [cuckoo.machinery.virtualbox] INFO: Successfully generated memory dump for virtual machine with label cuckoo1 to path /home/tempuser/.cuckoo/storage/analyses/7/memory.dmp\n", 
            "2017-07-25 18:23:12,251 [cuckoo.machinery.virtualbox] DEBUG: Stopping vm cuckoo1\n", 
            "2017-07-25 18:23:17,785 [cuckoo.core.scheduler] DEBUG: Released database task #7\n", 
            "2017-07-25 18:23:17,814 [cuckoo.core.plugins] DEBUG: Executed processing module \"AnalysisInfo\" for task #7\n", 
            "2017-07-25 18:23:17,817 [cuckoo.core.plugins] DEBUG: Executed processing module \"BehaviorAnalysis\" for task #7\n", 
            "2017-07-25 18:23:17,817 [cuckoo.core.plugins] DEBUG: Executed processing module \"Dropped\" for task #7\n", 
            "2017-07-25 18:23:17,818 [cuckoo.core.plugins] DEBUG: Executed processing module \"DroppedBuffer\" for task #7\n", 
            "2017-07-25 18:23:17,818 [cuckoo.core.plugins] DEBUG: Executed processing module \"Extracted\" for task #7\n", 
            "2017-07-25 18:23:17,819 [cuckoo.core.plugins] DEBUG: Executed processing module \"MetaInfo\" for task #7\n", 
            "2017-07-25 18:23:17,820 [cuckoo.core.plugins] DEBUG: Executed processing module \"ProcessMemory\" for task #7\n", 
            "2017-07-25 18:23:17,820 [cuckoo.core.plugins] DEBUG: Executed processing module \"Procmon\" for task #7\n", 
            "2017-07-25 18:23:17,834 [cuckoo.core.plugins] DEBUG: Executed processing module \"Screenshots\" for task #7\n", 
            "2017-07-25 18:23:18,163 [cuckoo.core.plugins] DEBUG: Executed processing module \"Static\" for task #7\n", 
            "2017-07-25 18:23:18,164 [cuckoo.core.plugins] DEBUG: Executed processing module \"Strings\" for task #7\n", 
            "2017-07-25 18:23:18,167 [cuckoo.core.plugins] DEBUG: Executed processing module \"TargetInfo\" for task #7\n", 
            "2017-07-25 18:23:18,605 [cuckoo.core.plugins] DEBUG: Executed processing module \"NetworkAnalysis\" for task #7\n", 
            "2017-07-25 18:23:18,605 [cuckoo.core.plugins] DEBUG: Executed processing module \"TLSMasterSecrets\" for task #7\n", 
            "2017-07-25 18:23:18,627 [cuckoo.core.plugins] DEBUG: Executed processing module \"Debug\" for task #7\n", 
            "2017-07-25 18:23:18,629 [cuckoo.core.plugins] DEBUG: You are running a version of Cuckoo that's not compatible with this signature (either it's too old or too new): cuckoo=2.0.4a3 signature=amsi_bypass minversion=2.0.4 maxversion=None\n", 
            "2017-07-25 18:23:18,630 [cuckoo.core.plugins] DEBUG: You are running a version of Cuckoo that's not compatible with this signature (either it's too old or too new): cuckoo=2.0.4a3 signature=applocker_bypass minversion=2.0.4 maxversion=None\n", 
            "2017-07-25 18:23:18,637 [cuckoo.core.plugins] DEBUG: You are running a version of Cuckoo that's not compatible with this signature (either it's too old or too new): cuckoo=2.0.4a3 signature=metasploit_shellcode minversion=2.0.4 maxversion=None\n", 
            "2017-07-25 18:23:18,639 [cuckoo.core.plugins] DEBUG: You are running a version of Cuckoo that's not compatible with this signature (either it's too old or too new): cuckoo=2.0.4a3 signature=powerfun minversion=2.0.4 maxversion=None\n", 
            "2017-07-25 18:23:18,640 [cuckoo.core.plugins] DEBUG: You are running a version of Cuckoo that's not compatible with this signature (either it's too old or too new): cuckoo=2.0.4a3 signature=powershell_bitstransfer minversion=2.0.4 maxversion=None\n", 
            "2017-07-25 18:23:18,640 [cuckoo.core.plugins] DEBUG: You are running a version of Cuckoo that's not compatible with this signature (either it's too old or too new): cuckoo=2.0.4a3 signature=powershell_c2dns minversion=2.0.4 maxversion=None\n", 
            "2017-07-25 18:23:18,650 [cuckoo.core.plugins] DEBUG: You are running a version of Cuckoo that's not compatible with this signature (either it's too old or too new): cuckoo=2.0.4a3 signature=powershell_ddi_rc4 minversion=2.0.4 maxversion=None\n", 
            "2017-07-25 18:23:18,650 [cuckoo.core.plugins] DEBUG: You are running a version of Cuckoo that's not compatible with this signature (either it's too old or too new): cuckoo=2.0.4a3 signature=powershell_dfsp minversion=2.0.4 maxversion=None\n", 
            "2017-07-25 18:23:18,650 [cuckoo.core.plugins] DEBUG: You are running a version of Cuckoo that's not compatible with this signature (either it's too old or too new): cuckoo=2.0.4a3 signature=powershell_di minversion=2.0.4 maxversion=None\n", 
            "2017-07-25 18:23:18,652 [cuckoo.core.plugins] DEBUG: You are running a version of Cuckoo that's not compatible with this signature (either it's too old or too new): cuckoo=2.0.4a3 signature=powershell_empire minversion=2.0.4 maxversion=None\n", 
            "2017-07-25 18:23:18,653 [cuckoo.core.plugins] DEBUG: You are running a version of Cuckoo that's not compatible with this signature (either it's too old or too new): cuckoo=2.0.4a3 signature=powershell_meterpreter minversion=2.0.4 maxversion=None\n", 
            "2017-07-25 18:23:18,654 [cuckoo.core.plugins] DEBUG: You are running a version of Cuckoo that's not compatible with this signature (either it's too old or too new): cuckoo=2.0.4a3 signature=powershell_reg_add minversion=2.0.4 maxversion=None\n", 
            "2017-07-25 18:23:18,654 [cuckoo.core.plugins] DEBUG: You are running a version of Cuckoo that's not compatible with this signature (either it's too old or too new): cuckoo=2.0.4a3 signature=powershell_unicorn minversion=2.0.4 maxversion=None\n", 
            "2017-07-25 18:23:18,655 [cuckoo.core.plugins] DEBUG: You are running a version of Cuckoo that's not compatible with this signature (either it's too old or too new): cuckoo=2.0.4a3 signature=powerworm minversion=2.0.4 maxversion=None\n", 
            "2017-07-25 18:23:18,671 [cuckoo.core.plugins] DEBUG: Running 425 signatures\n", 
            "2017-07-25 18:23:18,866 [cuckoo.core.plugins] DEBUG: Analysis matched signature: network_http\n", 
            "2017-07-25 18:23:18,866 [cuckoo.core.plugins] DEBUG: Analysis matched signature: network_icmp\n"
        ]
    }, 
    "screenshots": [
        {
            "path": "/home/tempuser/.cuckoo/storage/analyses/7/shots/0001.jpg", 
            "ocr": ""
        }
    ], 
    "strings": [
        "!This program cannot be run in DOS mode.", 
        "`.rdata", 
        "@.data", 
        "D$@QPV", 
        "F95|3@", 
        "text/html", 
        "reversing.rocks", 
        "ntoskrnl", 
        "http://reversing.rocks/", 
        "FindFirstFileA", 
        "FindClose", 
        "FindNextFileA", 
        "KERNEL32.dll", 
        "HttpSendRequestExA", 
        "InternetConnectA", 
        "InternetWriteFile", 
        "HttpOpenRequestA", 
        "InternetCheckConnectionA", 
        "HttpEndRequestA", 
        "InternetOpenA", 
        "InternetCloseHandle", 
        "WININET.dll", 
        "MSVCR120.dll", 
        "_XcptFilter", 
        "_amsg_exit", 
        "__getmainargs", 
        "__set_app_type", 
        "_cexit", 
        "_configthreadlocale", 
        "__setusermatherr", 
        "_initterm_e", 
        "_initterm", 
        "__initenv", 
        "_fmode", 
        "_commode", 
        "?terminate@@YAXXZ", 
        "__crtSetUnhandledExceptionFilter", 
        "_unlock", 
        "_calloc_crt", 
        "__dllonexit", 
        "_onexit", 
        "_invoke_watson", 
        "_controlfp_s", 
        "_except_handler4_common", 
        "_crt_debugger_hook", 
        "__crtUnhandledException", 
        "__crtTerminateProcess", 
        "EncodePointer", 
        "QueryPerformanceCounter", 
        "GetCurrentProcessId", 
        "GetCurrentThreadId", 
        "GetSystemTimeAsFileTime", 
        "DecodePointer", 
        "IsDebuggerPresent", 
        "IsProcessorFeaturePresent", 
        "<?xml version='1.0' encoding='UTF-8' standalone='yes'?>", 
        "<assembly xmlns='urn:schemas-microsoft-com:asm.v1' manifestVersion='1.0'>", 
        "  <trustInfo xmlns=\"urn:schemas-microsoft-com:asm.v3\">", 
        "    <security>", 
        "      <requestedPrivileges>", 
        "        <requestedExecutionLevel level='asInvoker' uiAccess='false' />", 
        "      </requestedPrivileges>", 
        "    </security>", 
        "  </trustInfo>", 
        "</assembly>"
    ], 
    "metadata": {
        "output": {
            "pcap": {
                "basename": "dump.pcap", 
                "sha256": "2c1b131ce2e2513685cdc3c044e7c266ce3d6ededb5e590687e515a989f80d51", 
                "dirname": ""
            }
        }
    }
}