{
    "info": {
        "added": 1501006299.342873, 
        "started": 1501007161.053502, 
        "duration": 56, 
        "ended": 1501007217.95234, 
        "owner": null, 
        "score": 0.6, 
        "id": 9, 
        "category": "file", 
        "git": {
            "head": "", 
            "fetch_head": ""
        }, 
        "monitor": "2bd01ede5c5258d5fce2e38bc58348a62c11ce33", 
        "package": "exe", 
        "route": "tor", 
        "custom": null, 
        "machine": {
            "status": "stopped", 
            "name": "cuckoo1", 
            "label": "cuckoo1", 
            "manager": "VirtualBox", 
            "started_on": "2017-07-25 18:26:01", 
            "shutdown_on": "2017-07-25 18:26:57"
        }, 
        "platform": null, 
        "version": "2.0.4a3", 
        "options": "procmemdump=yes,route=tor"
    }, 
    "signatures": [
        {
            "markcount": 1, 
            "families": [], 
            "description": "This executable has a PDB path", 
            "severity": 1, 
            "marks": [
                {
                    "category": "pdb_path", 
                    "ioc": "C:\\Users\\IEUser\\Downloads\\BHOinCPP_src\\BHOinCPP\\Release\\launch.pdb", 
                    "type": "ioc", 
                    "description": null
                }
            ], 
            "references": [], 
            "name": "has_pdb"
        }, 
        {
            "markcount": 1, 
            "families": [], 
            "description": "Performs some HTTP requests", 
            "severity": 2, 
            "marks": [
                {
                    "category": "request", 
                    "ioc": "GET http://www.msftncsi.com/ncsi.txt", 
                    "type": "ioc", 
                    "description": null
                }
            ], 
            "references": [], 
            "name": "network_http"
        }
    ], 
    "target": {
        "category": "file", 
        "file": {
            "yara": [], 
            "sha1": "acdb68ac4e4b4dd7f151de1751fad91dc1ee2f9f", 
            "name": "Lab_03-1.exe", 
            "type": "PE32 executable (console) Intel 80386, for MS Windows", 
            "sha256": "dce7c942883810c535fab689ece1e366287336c79ed15c808038bb5863eddf66", 
            "urls": [
                "http://rpis.ec/", 
                "https://www.facebook.com/RPI-Computer-Security-Club-RPISEC-121207327959689/timeline/", 
                "https://twitter.com/RPISEC", 
                "http://blog.rpis.ec/", 
                "http://security.cs.rpi.edu/courses/binexp-spring2015/", 
                "http://rpis.ec/binexp"
            ], 
            "crc32": "7406891F", 
            "path": "/home/tempuser/.cuckoo/storage/binaries/dce7c942883810c535fab689ece1e366287336c79ed15c808038bb5863eddf66", 
            "ssdeep": null, 
            "size": 30208, 
            "sha512": "f78746ee8cf1892c1599c0976fb6b7e4a09a9214bbc955f0367ff1282d48b37d23dc92fc1313c209b9fc1d6acc33180713ef6a9a84ebe3c2687f0eb0cee08dd0", 
            "md5": "b76020bb02053ccb460639ec8f46e88d"
        }
    }, 
    "network": {
        "tls": [], 
        "udp": [
            {
                "src": "192.168.56.101", 
                "dst": "192.168.56.255", 
                "offset": 2228, 
                "time": 3.2524850368499756, 
                "dport": 137, 
                "sport": 137
            }, 
            {
                "src": "192.168.56.101", 
                "dst": "192.168.56.255", 
                "offset": 6908, 
                "time": 9.268229961395264, 
                "dport": 138, 
                "sport": 138
            }, 
            {
                "src": "192.168.56.101", 
                "dst": "224.0.0.252", 
                "offset": 9732, 
                "time": 6.3094658851623535, 
                "dport": 5355, 
                "sport": 54614
            }, 
            {
                "src": "192.168.56.101", 
                "dst": "224.0.0.252", 
                "offset": 10092, 
                "time": 1.5081710815429688, 
                "dport": 5355, 
                "sport": 56928
            }, 
            {
                "src": "192.168.56.101", 
                "dst": "224.0.0.252", 
                "offset": 10420, 
                "time": 1.1981558799743652, 
                "dport": 5355, 
                "sport": 57887
            }, 
            {
                "src": "192.168.56.101", 
                "dst": "224.0.0.252", 
                "offset": 10780, 
                "time": 3.1824119091033936, 
                "dport": 5355, 
                "sport": 60283
            }, 
            {
                "src": "192.168.56.101", 
                "dst": "224.0.0.252", 
                "offset": 11108, 
                "time": 6.612156867980957, 
                "dport": 5355, 
                "sport": 61896
            }, 
            {
                "src": "192.168.56.101", 
                "dst": "224.0.0.252", 
                "offset": 11468, 
                "time": 2.242940902709961, 
                "dport": 5355, 
                "sport": 62503
            }, 
            {
                "src": "192.168.56.101", 
                "dst": "224.0.0.252", 
                "offset": 11788, 
                "time": 6.925257921218872, 
                "dport": 5355, 
                "sport": 63406
            }, 
            {
                "src": "192.168.56.101", 
                "dst": "224.0.0.252", 
                "offset": 12148, 
                "time": 3.1817760467529297, 
                "dport": 5355, 
                "sport": 64684
            }, 
            {
                "src": "192.168.56.101", 
                "dst": "8.8.8.8", 
                "offset": 12508, 
                "time": 2.442765951156616, 
                "dport": 53, 
                "sport": 50761
            }, 
            {
                "src": "192.168.56.101", 
                "dst": "8.8.8.8", 
                "offset": 12692, 
                "time": 3.18015193939209, 
                "dport": 53, 
                "sport": 54166
            }, 
            {
                "src": "192.168.56.101", 
                "dst": "8.8.8.8", 
                "offset": 12910, 
                "time": 2.5653460025787354, 
                "dport": 53, 
                "sport": 55392
            }, 
            {
                "src": "192.168.56.101", 
                "dst": "8.8.8.8", 
                "offset": 13110, 
                "time": 7.269747972488403, 
                "dport": 53, 
                "sport": 56391
            }, 
            {
                "src": "192.168.56.101", 
                "dst": "8.8.8.8", 
                "offset": 13310, 
                "time": 7.404951095581055, 
                "dport": 53, 
                "sport": 57111
            }, 
            {
                "src": "192.168.56.101", 
                "dst": "8.8.8.8", 
                "offset": 13494, 
                "time": 6.363439083099365, 
                "dport": 53, 
                "sport": 58050
            }, 
            {
                "src": "192.168.56.101", 
                "dst": "8.8.8.8", 
                "offset": 13712, 
                "time": 2.319993019104004, 
                "dport": 53, 
                "sport": 59155
            }
        ], 
        "dns_servers": [
            "8.8.8.8"
        ], 
        "http": [
            {
                "count": 1, 
                "body": "", 
                "uri": "http://www.msftncsi.com/ncsi.txt", 
                "user-agent": "Microsoft NCSI", 
                "method": "GET", 
                "host": "www.msftncsi.com", 
                "version": "1.1", 
                "path": "/ncsi.txt", 
                "data": "GET /ncsi.txt HTTP/1.1\r\nConnection: Close\r\nUser-Agent: Microsoft NCSI\r\nHost: www.msftncsi.com\r\n\r\n", 
                "port": 80
            }
        ], 
        "icmp": [], 
        "smtp": [], 
        "tcp": [
            {
                "src": "192.168.56.101", 
                "dst": "80.97.209.187", 
                "offset": 14146, 
                "time": 2.691538095474243, 
                "dport": 80, 
                "sport": 49161
            }
        ], 
        "smtp_ex": [], 
        "mitm": [], 
        "hosts": [
            "8.8.8.8", 
            "80.97.209.187"
        ], 
        "pcap_sha256": "1468d2cdb96e8026a870bda138579aface6212d7df5dade0f44c27a8d52dc218", 
        "dns": [
            {
                "type": "A", 
                "request": "www.msftncsi.com", 
                "answers": [
                    {
                        "data": "80.97.209.187", 
                        "type": "A"
                    }
                ]
            }, 
            {
                "type": "A", 
                "request": "dns.msftncsi.com", 
                "answers": [
                    {
                        "data": "131.107.255.255", 
                        "type": "A"
                    }
                ]
            }, 
            {
                "type": "AAAA", 
                "request": "dns.msftncsi.com", 
                "answers": []
            }, 
            {
                "type": "A", 
                "request": "teredo.ipv6.microsoft.com", 
                "answers": [
                    {
                        "data": "157.56.106.189", 
                        "type": "A"
                    }
                ]
            }
        ], 
        "http_ex": [
            {
                "status": 200, 
                "src": "192.168.56.101", 
                "resp": {
                    "path": "/home/tempuser/.cuckoo/storage/analyses/9/network/33bf88d5b82df3723d5863c7d23445e345828904", 
                    "sha1": "33bf88d5b82df3723d5863c7d23445e345828904", 
                    "md5": "cd5a4d3fdd5bffc16bf959ef75cf37bc"
                }, 
                "sha1": "33bf88d5b82df3723d5863c7d23445e345828904", 
                "protocol": "http", 
                "dst": "80.97.209.187", 
                "req": {
                    "path": "/home/tempuser/.cuckoo/storage/analyses/9/network/da39a3ee5e6b4b0d3255bfef95601890afd80709", 
                    "sha1": "da39a3ee5e6b4b0d3255bfef95601890afd80709", 
                    "md5": "d41d8cd98f00b204e9800998ecf8427e"
                }, 
                "request": "GET /ncsi.txt HTTP/1.1\r\nConnection: Close\r\nUser-Agent: Microsoft NCSI\r\nHost: www.msftncsi.com", 
                "uri": "/ncsi.txt", 
                "response": "HTTP/1.1 200 OK\r\nContent-Length: 14\r\nDate: Tue, 25 Jul 2017 17:26:13 GMT\r\nConnection: close\r\nContent-Type: text/plain\r\nCache-Control: max-age=30, must-revalidate", 
                "host": "www.msftncsi.com", 
                "dport": 80, 
                "path": "/home/tempuser/.cuckoo/storage/analyses/9/network/33bf88d5b82df3723d5863c7d23445e345828904", 
                "sport": 49161, 
                "method": "GET", 
                "md5": "cd5a4d3fdd5bffc16bf959ef75cf37bc"
            }
        ], 
        "domains": [
            {
                "ip": "131.107.255.255", 
                "domain": "dns.msftncsi.com"
            }, 
            {
                "ip": "", 
                "domain": "teredo.ipv6.microsoft.com"
            }, 
            {
                "ip": "23.215.130.146", 
                "domain": "www.msftncsi.com"
            }
        ], 
        "dead_hosts": [], 
        "sorted_pcap_sha256": "32850946f07f278b7a7b203b2df1f16b5644fd4f3a3045d3727f3b641df7d7cb", 
        "irc": [], 
        "https_ex": []
    }, 
    "static": {
        "pdb_path": "C:\\Users\\IEUser\\Downloads\\BHOinCPP_src\\BHOinCPP\\Release\\launch.pdb", 
        "pe_imports": [
            {
                "imports": [
                    {
                        "name": "SizeofResource", 
                        "address": "0x402000"
                    }, 
                    {
                        "name": "WriteFile", 
                        "address": "0x402004"
                    }, 
                    {
                        "name": "CreateFileW", 
                        "address": "0x402008"
                    }, 
                    {
                        "name": "LockResource", 
                        "address": "0x40200c"
                    }, 
                    {
                        "name": "CloseHandle", 
                        "address": "0x402010"
                    }, 
                    {
                        "name": "LoadResource", 
                        "address": "0x402014"
                    }, 
                    {
                        "name": "FindResourceW", 
                        "address": "0x402018"
                    }, 
                    {
                        "name": "GetModuleHandleW", 
                        "address": "0x40201c"
                    }, 
                    {
                        "name": "IsDebuggerPresent", 
                        "address": "0x402020"
                    }, 
                    {
                        "name": "InitializeSListHead", 
                        "address": "0x402024"
                    }, 
                    {
                        "name": "GetSystemTimeAsFileTime", 
                        "address": "0x402028"
                    }, 
                    {
                        "name": "GetCurrentThreadId", 
                        "address": "0x40202c"
                    }, 
                    {
                        "name": "GetCurrentProcessId", 
                        "address": "0x402030"
                    }, 
                    {
                        "name": "QueryPerformanceCounter", 
                        "address": "0x402034"
                    }, 
                    {
                        "name": "IsProcessorFeaturePresent", 
                        "address": "0x402038"
                    }, 
                    {
                        "name": "TerminateProcess", 
                        "address": "0x40203c"
                    }, 
                    {
                        "name": "GetCurrentProcess", 
                        "address": "0x402040"
                    }, 
                    {
                        "name": "SetUnhandledExceptionFilter", 
                        "address": "0x402044"
                    }, 
                    {
                        "name": "UnhandledExceptionFilter", 
                        "address": "0x402048"
                    }
                ], 
                "dll": "KERNEL32.dll"
            }, 
            {
                "imports": [
                    {
                        "name": "memset", 
                        "address": "0x402050"
                    }, 
                    {
                        "name": "_except_handler4_common", 
                        "address": "0x402054"
                    }, 
                    {
                        "name": "__telemetry_main_return_trigger", 
                        "address": "0x402058"
                    }, 
                    {
                        "name": "__telemetry_main_invoke_trigger", 
                        "address": "0x40205c"
                    }
                ], 
                "dll": "VCRUNTIME140.dll"
            }, 
            {
                "imports": [
                    {
                        "name": "_register_thread_local_exe_atexit_callback", 
                        "address": "0x40207c"
                    }, 
                    {
                        "name": "_exit", 
                        "address": "0x402080"
                    }, 
                    {
                        "name": "_initialize_onexit_table", 
                        "address": "0x402084"
                    }, 
                    {
                        "name": "_initialize_narrow_environment", 
                        "address": "0x402088"
                    }, 
                    {
                        "name": "exit", 
                        "address": "0x40208c"
                    }, 
                    {
                        "name": "_crt_atexit", 
                        "address": "0x402090"
                    }, 
                    {
                        "name": "_controlfp_s", 
                        "address": "0x402094"
                    }, 
                    {
                        "name": "terminate", 
                        "address": "0x402098"
                    }, 
                    {
                        "name": "_cexit", 
                        "address": "0x40209c"
                    }, 
                    {
                        "name": "_initterm_e", 
                        "address": "0x4020a0"
                    }, 
                    {
                        "name": "__p___argv", 
                        "address": "0x4020a4"
                    }, 
                    {
                        "name": "_register_onexit_function", 
                        "address": "0x4020a8"
                    }, 
                    {
                        "name": "_configure_narrow_argv", 
                        "address": "0x4020ac"
                    }, 
                    {
                        "name": "__p___argc", 
                        "address": "0x4020b0"
                    }, 
                    {
                        "name": "_set_app_type", 
                        "address": "0x4020b4"
                    }, 
                    {
                        "name": "_seh_filter_exe", 
                        "address": "0x4020b8"
                    }, 
                    {
                        "name": "system", 
                        "address": "0x4020bc"
                    }, 
                    {
                        "name": "_initterm", 
                        "address": "0x4020c0"
                    }, 
                    {
                        "name": "_get_initial_narrow_environment", 
                        "address": "0x4020c4"
                    }, 
                    {
                        "name": "_c_exit", 
                        "address": "0x4020c8"
                    }
                ], 
                "dll": "api-ms-win-crt-runtime-l1-1-0.dll"
            }, 
            {
                "imports": [
                    {
                        "name": "__setusermatherr", 
                        "address": "0x402074"
                    }
                ], 
                "dll": "api-ms-win-crt-math-l1-1-0.dll"
            }, 
            {
                "imports": [
                    {
                        "name": "_set_fmode", 
                        "address": "0x4020d0"
                    }, 
                    {
                        "name": "__p__commode", 
                        "address": "0x4020d4"
                    }
                ], 
                "dll": "api-ms-win-crt-stdio-l1-1-0.dll"
            }, 
            {
                "imports": [
                    {
                        "name": "_configthreadlocale", 
                        "address": "0x40206c"
                    }
                ], 
                "dll": "api-ms-win-crt-locale-l1-1-0.dll"
            }, 
            {
                "imports": [
                    {
                        "name": "_set_new_mode", 
                        "address": "0x402064"
                    }
                ], 
                "dll": "api-ms-win-crt-heap-l1-1-0.dll"
            }
        ], 
        "peid_signatures": null, 
        "keys": [], 
        "signature": [], 
        "pe_timestamp": "2015-09-18 07:57:04", 
        "pe_exports": [], 
        "imported_dll_count": 7, 
        "pe_imphash": "1441f76b3ed03715e5648e74dbc58c19", 
        "pe_resources": [
            {
                "name": "RC_DATA", 
                "language": "LANG_ENGLISH", 
                "filetype": "PE32 executable (DLL) (GUI) Intel 80386, for MS Windows", 
                "sublanguage": "SUBLANG_ENGLISH_US", 
                "offset": "0x000040d0", 
                "size": "0x00005000"
            }, 
            {
                "name": "RT_MANIFEST", 
                "language": "LANG_ENGLISH", 
                "filetype": "XML 1.0 document text", 
                "sublanguage": "SUBLANG_ENGLISH_US", 
                "offset": "0x000090d0", 
                "size": "0x0000017d"
            }
        ], 
        "pe_versioninfo": [], 
        "pe_sections": [
            {
                "size_of_data": "0x00000e00", 
                "virtual_address": "0x00001000", 
                "entropy": 5.93311776525058, 
                "name": ".text", 
                "virtual_size": "0x00000cad"
            }, 
            {
                "size_of_data": "0x00000c00", 
                "virtual_address": "0x00002000", 
                "entropy": 4.680140845916741, 
                "name": ".rdata", 
                "virtual_size": "0x00000b6e"
            }, 
            {
                "size_of_data": "0x00000200", 
                "virtual_address": "0x00003000", 
                "entropy": 0.2804011676589459, 
                "name": ".data", 
                "virtual_size": "0x00000384"
            }, 
            {
                "size_of_data": "0x00005400", 
                "virtual_address": "0x00004000", 
                "entropy": 5.604856631946852, 
                "name": ".rsrc", 
                "virtual_size": "0x00005250"
            }, 
            {
                "size_of_data": "0x00000200", 
                "virtual_address": "0x0000a000", 
                "entropy": 4.805453776156519, 
                "name": ".reloc", 
                "virtual_size": "0x00000158"
            }
        ]
    }, 
    "behavior": {
        "generic": [
            {
                "process_path": "C:\\Windows\\System32\\lsass.exe", 
                "process_name": "lsass.exe", 
                "pid": 460, 
                "summary": {}, 
                "first_seen": 1501002699.59375, 
                "ppid": 352
            }
        ], 
        "processes": [
            {
                "process_path": "C:\\Windows\\System32\\lsass.exe", 
                "calls": [], 
                "track": false, 
                "pid": 460, 
                "process_name": "lsass.exe", 
                "command_line": "C:\\Windows\\system32\\lsass.exe", 
                "modules": [
                    {
                        "basename": "lsass.exe", 
                        "imgsize": 49152, 
                        "baseaddr": "0x100000000", 
                        "filepath": "C:\\Windows\\system32\\lsass.exe"
                    }, 
                    {
                        "basename": "ntdll.dll", 
                        "imgsize": 1740800, 
                        "baseaddr": "0x78e50000", 
                        "filepath": "C:\\Windows\\SYSTEM32\\ntdll.dll"
                    }, 
                    {
                        "basename": "kernel32.dll", 
                        "imgsize": 1175552, 
                        "baseaddr": "0x78d20000", 
                        "filepath": "C:\\Windows\\system32\\kernel32.dll"
                    }, 
                    {
                        "basename": "KERNELBASE.dll", 
                        "imgsize": 438272, 
                        "baseaddr": "0x7ff38880000", 
                        "filepath": "C:\\Windows\\system32\\KERNELBASE.dll"
                    }, 
                    {
                        "basename": "msvcrt.dll", 
                        "imgsize": 651264, 
                        "baseaddr": "0x7ff756a0000", 
                        "filepath": "C:\\Windows\\system32\\msvcrt.dll"
                    }, 
                    {
                        "basename": "RPCRT4.dll", 
                        "imgsize": 1232896, 
                        "baseaddr": "0x7ff7fde0000", 
                        "filepath": "C:\\Windows\\system32\\RPCRT4.dll"
                    }, 
                    {
                        "basename": "SspiSrv.dll", 
                        "imgsize": 45056, 
                        "baseaddr": "0x7ff254b0000", 
                        "filepath": "C:\\Windows\\system32\\SspiSrv.dll"
                    }, 
                    {
                        "basename": "lsasrv.dll", 
                        "imgsize": 1470464, 
                        "baseaddr": "0x7ff7d000000", 
                        "filepath": "C:\\Windows\\system32\\lsasrv.dll"
                    }, 
                    {
                        "basename": "sechost.dll", 
                        "imgsize": 126976, 
                        "baseaddr": "0x7ff2d2e0000", 
                        "filepath": "C:\\Windows\\SYSTEM32\\sechost.dll"
                    }, 
                    {
                        "basename": "SspiCli.dll", 
                        "imgsize": 151552, 
                        "baseaddr": "0x7ff2c960000", 
                        "filepath": "C:\\Windows\\system32\\SspiCli.dll"
                    }, 
                    {
                        "basename": "ADVAPI32.dll", 
                        "imgsize": 897024, 
                        "baseaddr": "0x7ff7ff10000", 
                        "filepath": "C:\\Windows\\system32\\ADVAPI32.dll"
                    }, 
                    {
                        "basename": "USER32.dll", 
                        "imgsize": 1024000, 
                        "baseaddr": "0x78c20000", 
                        "filepath": "C:\\Windows\\system32\\USER32.dll"
                    }, 
                    {
                        "basename": "GDI32.dll", 
                        "imgsize": 421888, 
                        "baseaddr": "0x7ff7fd70000", 
                        "filepath": "C:\\Windows\\system32\\GDI32.dll"
                    }, 
                    {
                        "basename": "LPK.dll", 
                        "imgsize": 57344, 
                        "baseaddr": "0x7ff70410000", 
                        "filepath": "C:\\Windows\\system32\\LPK.dll"
                    }, 
                    {
                        "basename": "USP10.dll", 
                        "imgsize": 823296, 
                        "baseaddr": "0x7ff760c0000", 
                        "filepath": "C:\\Windows\\system32\\USP10.dll"
                    }, 
                    {
                        "basename": "SAMSRV.dll", 
                        "imgsize": 774144, 
                        "baseaddr": "0x7ff75b40000", 
                        "filepath": "C:\\Windows\\system32\\SAMSRV.dll"
                    }, 
                    {
                        "basename": "cryptdll.dll", 
                        "imgsize": 81920, 
                        "baseaddr": "0x7ff710b0000", 
                        "filepath": "C:\\Windows\\system32\\cryptdll.dll"
                    }, 
                    {
                        "basename": "MSASN1.dll", 
                        "imgsize": 61440, 
                        "baseaddr": "0x7ff70ca0000", 
                        "filepath": "C:\\Windows\\system32\\MSASN1.dll"
                    }, 
                    {
                        "basename": "wevtapi.dll", 
                        "imgsize": 446464, 
                        "baseaddr": "0x7ff739d0000", 
                        "filepath": "C:\\Windows\\system32\\wevtapi.dll"
                    }, 
                    {
                        "basename": "IMM32.DLL", 
                        "imgsize": 188416, 
                        "baseaddr": "0x7ff718f0000", 
                        "filepath": "C:\\Windows\\system32\\IMM32.DLL"
                    }, 
                    {
                        "basename": "MSCTF.dll", 
                        "imgsize": 1085440, 
                        "baseaddr": "0x7ff774b0000", 
                        "filepath": "C:\\Windows\\system32\\MSCTF.dll"
                    }, 
                    {
                        "basename": "cngaudit.dll", 
                        "imgsize": 36864, 
                        "baseaddr": "0x7ff268a0000", 
                        "filepath": "C:\\Windows\\system32\\cngaudit.dll"
                    }, 
                    {
                        "basename": "AUTHZ.dll", 
                        "imgsize": 192512, 
                        "baseaddr": "0x7ff73000000", 
                        "filepath": "C:\\Windows\\system32\\AUTHZ.dll"
                    }, 
                    {
                        "basename": "ncrypt.dll", 
                        "imgsize": 319488, 
                        "baseaddr": "0x7ff729d0000", 
                        "filepath": "C:\\Windows\\system32\\ncrypt.dll"
                    }, 
                    {
                        "basename": "bcrypt.dll", 
                        "imgsize": 139264, 
                        "baseaddr": "0x7ff71ad0000", 
                        "filepath": "C:\\Windows\\system32\\bcrypt.dll"
                    }, 
                    {
                        "basename": "msprivs.DLL", 
                        "imgsize": 8192, 
                        "baseaddr": "0x2a0000", 
                        "filepath": "C:\\Windows\\system32\\msprivs.DLL"
                    }, 
                    {
                        "basename": "netjoin.dll", 
                        "imgsize": 204800, 
                        "baseaddr": "0x7ff313c0000", 
                        "filepath": "C:\\Windows\\system32\\netjoin.dll"
                    }, 
                    {
                        "basename": "negoexts.DLL", 
                        "imgsize": 147456, 
                        "baseaddr": "0x7ff2da20000", 
                        "filepath": "C:\\Windows\\system32\\negoexts.DLL"
                    }, 
                    {
                        "basename": "Secur32.dll", 
                        "imgsize": 45056, 
                        "baseaddr": "0x7ff70200000", 
                        "filepath": "C:\\Windows\\system32\\Secur32.dll"
                    }, 
                    {
                        "basename": "cryptbase.dll", 
                        "imgsize": 61440, 
                        "baseaddr": "0x7ff2ade0000", 
                        "filepath": "C:\\Windows\\system32\\cryptbase.dll"
                    }, 
                    {
                        "basename": "kerberos.DLL", 
                        "imgsize": 737280, 
                        "baseaddr": "0x7ff75e80000", 
                        "filepath": "C:\\Windows\\system32\\kerberos.DLL"
                    }, 
                    {
                        "basename": "CRYPTSP.dll", 
                        "imgsize": 94208, 
                        "baseaddr": "0x7ff2ada0000", 
                        "filepath": "C:\\Windows\\system32\\CRYPTSP.dll"
                    }, 
                    {
                        "basename": "WS2_32.dll", 
                        "imgsize": 315392, 
                        "baseaddr": "0x7ff724e0000", 
                        "filepath": "C:\\Windows\\system32\\WS2_32.dll"
                    }, 
                    {
                        "basename": "NSI.dll", 
                        "imgsize": 32768, 
                        "baseaddr": "0x7ff70310000", 
                        "filepath": "C:\\Windows\\system32\\NSI.dll"
                    }, 
                    {
                        "basename": "mswsock.dll", 
                        "imgsize": 348160, 
                        "baseaddr": "0x7ff734a0000", 
                        "filepath": "C:\\Windows\\system32\\mswsock.dll"
                    }, 
                    {
                        "basename": "wship6.dll", 
                        "imgsize": 28672, 
                        "baseaddr": "0x7ff70060000", 
                        "filepath": "C:\\Windows\\System32\\wship6.dll"
                    }, 
                    {
                        "basename": "msv1_0.DLL", 
                        "imgsize": 331776, 
                        "baseaddr": "0x7ff73500000", 
                        "filepath": "C:\\Windows\\system32\\msv1_0.DLL"
                    }, 
                    {
                        "basename": "netlogon.DLL", 
                        "imgsize": 712704, 
                        "baseaddr": "0x7ff755f0000", 
                        "filepath": "C:\\Windows\\system32\\netlogon.DLL"
                    }, 
                    {
                        "basename": "DNSAPI.dll", 
                        "imgsize": 372736, 
                        "baseaddr": "0x7ff73740000", 
                        "filepath": "C:\\Windows\\system32\\DNSAPI.dll"
                    }, 
                    {
                        "basename": "logoncli.dll", 
                        "imgsize": 196608, 
                        "baseaddr": "0x7ff31ac0000", 
                        "filepath": "C:\\Windows\\system32\\logoncli.dll"
                    }, 
                    {
                        "basename": "schannel.DLL", 
                        "imgsize": 356352, 
                        "baseaddr": "0x7ff73160000", 
                        "filepath": "C:\\Windows\\system32\\schannel.DLL"
                    }, 
                    {
                        "basename": "CRYPT32.dll", 
                        "imgsize": 1470464, 
                        "baseaddr": "0x7ff7fc00000", 
                        "filepath": "C:\\Windows\\system32\\CRYPT32.dll"
                    }, 
                    {
                        "basename": "wdigest.DLL", 
                        "imgsize": 221184, 
                        "baseaddr": "0x7ff71d40000", 
                        "filepath": "C:\\Windows\\system32\\wdigest.DLL"
                    }, 
                    {
                        "basename": "rsaenh.dll", 
                        "imgsize": 290816, 
                        "baseaddr": "0x7ff330e0000", 
                        "filepath": "C:\\Windows\\system32\\rsaenh.dll"
                    }, 
                    {
                        "basename": "tspkg.DLL", 
                        "imgsize": 98304, 
                        "baseaddr": "0x7ff70780000", 
                        "filepath": "C:\\Windows\\system32\\tspkg.DLL"
                    }, 
                    {
                        "basename": "pku2u.DLL", 
                        "imgsize": 282624, 
                        "baseaddr": "0x7ff333b0000", 
                        "filepath": "C:\\Windows\\system32\\pku2u.DLL"
                    }, 
                    {
                        "basename": "bcryptprimitives.dll", 
                        "imgsize": 311296, 
                        "baseaddr": "0x7ff67c00000", 
                        "filepath": "C:\\Windows\\system32\\bcryptprimitives.dll"
                    }, 
                    {
                        "basename": "RpcRtRemote.dll", 
                        "imgsize": 81920, 
                        "baseaddr": "0x7ff285e0000", 
                        "filepath": "C:\\Windows\\system32\\RpcRtRemote.dll"
                    }, 
                    {
                        "basename": "efslsaext.dll", 
                        "imgsize": 73728, 
                        "baseaddr": "0x7ff2a940000", 
                        "filepath": "C:\\Windows\\system32\\efslsaext.dll"
                    }, 
                    {
                        "basename": "scecli.DLL", 
                        "imgsize": 253952, 
                        "baseaddr": "0x7ff71fc0000", 
                        "filepath": "C:\\Windows\\system32\\scecli.DLL"
                    }, 
                    {
                        "basename": "credssp.dll", 
                        "imgsize": 40960, 
                        "baseaddr": "0x7ff7a400000", 
                        "filepath": "C:\\Windows\\system32\\credssp.dll"
                    }, 
                    {
                        "basename": "WINSTA.dll", 
                        "imgsize": 249856, 
                        "baseaddr": "0x7ff71c00000", 
                        "filepath": "C:\\Windows\\system32\\WINSTA.dll"
                    }, 
                    {
                        "basename": "IPHLPAPI.DLL", 
                        "imgsize": 159744, 
                        "baseaddr": "0x7ff71890000", 
                        "filepath": "C:\\Windows\\system32\\IPHLPAPI.DLL"
                    }, 
                    {
                        "basename": "WINNSI.DLL", 
                        "imgsize": 45056, 
                        "baseaddr": "0x7ff700a0000", 
                        "filepath": "C:\\Windows\\system32\\WINNSI.DLL"
                    }, 
                    {
                        "basename": "netutils.dll", 
                        "imgsize": 49152, 
                        "baseaddr": "0x7ff25b00000", 
                        "filepath": "C:\\Windows\\system32\\netutils.dll"
                    }, 
                    {
                        "basename": "USERENV.dll", 
                        "imgsize": 122880, 
                        "baseaddr": "0x7ff70720000", 
                        "filepath": "C:\\Windows\\system32\\USERENV.dll"
                    }, 
                    {
                        "basename": "profapi.dll", 
                        "imgsize": 61440, 
                        "baseaddr": "0x7ff28800000", 
                        "filepath": "C:\\Windows\\system32\\profapi.dll"
                    }, 
                    {
                        "basename": "wshtcpip.dll", 
                        "imgsize": 28672, 
                        "baseaddr": "0x7ff70030000", 
                        "filepath": "C:\\Windows\\System32\\wshtcpip.dll"
                    }, 
                    {
                        "basename": "monitor-x64.dll", 
                        "imgsize": 2224128, 
                        "baseaddr": "0x65a80000", 
                        "filepath": "C:\\tmpmedxdr\\bin\\monitor-x64.dll"
                    }
                ], 
                "time": 0, 
                "tid": 2312, 
                "first_seen": 1501002699.59375, 
                "ppid": 352, 
                "type": "process"
            }
        ], 
        "processtree": [
            {
                "track": false, 
                "pid": 460, 
                "process_name": "lsass.exe", 
                "command_line": "C:\\Windows\\system32\\lsass.exe", 
                "first_seen": 1501002699.59375, 
                "ppid": 352, 
                "children": []
            }
        ]
    }, 
    "debug": {
        "action": [], 
        "dbgview": [], 
        "errors": [], 
        "log": [
            "2017-07-25 18:11:39,015 [analyzer] DEBUG: Starting analyzer from: C:\\tmpmedxdr\n", 
            "2017-07-25 18:11:39,015 [analyzer] DEBUG: Pipe server name: \\??\\PIPE\\fJhzriGvcPZeVYhVIFMlCTeaKeavat\n", 
            "2017-07-25 18:11:39,015 [analyzer] DEBUG: Log pipe server name: \\??\\PIPE\\rOQMsWyMGpvzgOfmQngWnPeW\n", 
            "2017-07-25 18:11:39,155 [analyzer] DEBUG: Started auxiliary module DbgView\n", 
            "2017-07-25 18:11:39,437 [analyzer] DEBUG: Started auxiliary module Disguise\n", 
            "2017-07-25 18:11:39,530 [analyzer] WARNING: Unable to find the correct offsets for functions of: 64-bit kernel32.dll (with timestamp 0x50b8479a)\n", 
            "2017-07-25 18:11:39,530 [analyzer] WARNING: Unable to find the correct offsets for functions of: 64-bit kernel32.dll (with timestamp 0x50b8479a)\n", 
            "2017-07-25 18:11:39,592 [analyzer] DEBUG: Loaded monitor into process with pid 460\n", 
            "2017-07-25 18:11:39,592 [analyzer] DEBUG: Started auxiliary module DumpTLSMasterSecrets\n", 
            "2017-07-25 18:11:39,592 [analyzer] DEBUG: Started auxiliary module Human\n", 
            "2017-07-25 18:11:39,592 [analyzer] DEBUG: Started auxiliary module InstallCertificate\n", 
            "2017-07-25 18:11:39,592 [analyzer] DEBUG: Started auxiliary module Reboot\n", 
            "2017-07-25 18:11:39,687 [analyzer] DEBUG: Started auxiliary module RecentFiles\n", 
            "2017-07-25 18:11:39,687 [analyzer] DEBUG: Started auxiliary module Screenshots\n", 
            "2017-07-25 18:11:39,687 [analyzer] DEBUG: Started auxiliary module LoadZer0m0n\n", 
            "2017-07-25 18:11:39,733 [lib.api.process] INFO: Successfully executed process from path u'C:\\\\Users\\\\ADMINI~1\\\\AppData\\\\Local\\\\Temp\\\\Lab_03-1.exe' with arguments '' and pid 2392\n", 
            "2017-07-25 18:11:40,796 [analyzer] INFO: Process with pid 2392 has terminated\n", 
            "2017-07-25 18:11:40,812 [analyzer] INFO: Process list is empty, terminating analysis.\n", 
            "2017-07-25 18:11:41,812 [analyzer] INFO: Analysis completed.\n"
        ], 
        "cuckoo": [
            "2017-07-25 18:26:01,464 [cuckoo.core.scheduler] INFO: Task #9: acquired machine cuckoo1 (label=cuckoo1)\n", 
            "2017-07-25 18:26:01,625 [cuckoo.auxiliary.sniffer] INFO: Started sniffer with PID 10373 (interface=vboxnet0, host=192.168.56.101)\n", 
            "2017-07-25 18:26:01,625 [cuckoo.core.plugins] DEBUG: Started auxiliary module: Sniffer\n", 
            "2017-07-25 18:26:01,740 [cuckoo.machinery.virtualbox] DEBUG: Starting vm cuckoo1\n", 
            "2017-07-25 18:26:01,950 [cuckoo.machinery.virtualbox] DEBUG: Restoring virtual machine cuckoo1 to its current snapshot\n", 
            "2017-07-25 18:26:05,868 [cuckoo.core.guest] INFO: Starting analysis on guest (id=cuckoo1, ip=192.168.56.101)\n", 
            "2017-07-25 18:26:06,875 [cuckoo.core.guest] DEBUG: cuckoo1: not ready yet\n", 
            "2017-07-25 18:26:07,882 [cuckoo.core.guest] DEBUG: cuckoo1: not ready yet\n", 
            "2017-07-25 18:26:08,890 [cuckoo.core.guest] DEBUG: cuckoo1: not ready yet\n", 
            "2017-07-25 18:26:09,896 [cuckoo.core.guest] DEBUG: cuckoo1: not ready yet\n", 
            "2017-07-25 18:26:10,911 [cuckoo.core.guest] INFO: Guest is running Cuckoo Agent 0.7 (id=cuckoo1, ip=192.168.56.101)\n", 
            "2017-07-25 18:26:10,943 [cuckoo.core.guest] DEBUG: Uploading analyzer to guest (id=cuckoo1, ip=192.168.56.101, monitor=latest, size=3819773)\n", 
            "2017-07-25 18:26:11,272 [cuckoo.core.guest] DEBUG: cuckoo1: analysis still processing\n", 
            "2017-07-25 18:26:11,425 [cuckoo.core.resultserver] DEBUG: LogHandler for live analysis.log initialized.\n", 
            "2017-07-25 18:26:12,279 [cuckoo.core.guest] DEBUG: cuckoo1: analysis still processing\n", 
            "2017-07-25 18:26:13,258 [cuckoo.core.resultserver] DEBUG: File upload request for shots/0001.jpg\n", 
            "2017-07-25 18:26:13,268 [cuckoo.core.resultserver] DEBUG: Uploaded file length: 78319\n", 
            "2017-07-25 18:26:13,286 [cuckoo.core.guest] DEBUG: cuckoo1: analysis still processing\n", 
            "2017-07-25 18:26:14,291 [cuckoo.core.guest] INFO: cuckoo1: analysis completed successfully\n", 
            "2017-07-25 18:26:21,389 [cuckoo.core.plugins] DEBUG: Stopped auxiliary module: Sniffer\n", 
            "2017-07-25 18:26:53,811 [cuckoo.machinery.virtualbox] INFO: Successfully generated memory dump for virtual machine with label cuckoo1 to path /home/tempuser/.cuckoo/storage/analyses/9/memory.dmp\n", 
            "2017-07-25 18:26:53,812 [cuckoo.machinery.virtualbox] DEBUG: Stopping vm cuckoo1\n", 
            "2017-07-25 18:26:58,060 [cuckoo.core.scheduler] DEBUG: Released database task #9\n", 
            "2017-07-25 18:26:58,095 [cuckoo.core.plugins] DEBUG: Executed processing module \"AnalysisInfo\" for task #9\n", 
            "2017-07-25 18:26:58,098 [cuckoo.core.plugins] DEBUG: Executed processing module \"BehaviorAnalysis\" for task #9\n", 
            "2017-07-25 18:26:58,098 [cuckoo.core.plugins] DEBUG: Executed processing module \"Dropped\" for task #9\n", 
            "2017-07-25 18:26:58,099 [cuckoo.core.plugins] DEBUG: Executed processing module \"DroppedBuffer\" for task #9\n", 
            "2017-07-25 18:26:58,099 [cuckoo.core.plugins] DEBUG: Executed processing module \"Extracted\" for task #9\n", 
            "2017-07-25 18:26:58,100 [cuckoo.core.plugins] DEBUG: Executed processing module \"MetaInfo\" for task #9\n", 
            "2017-07-25 18:26:58,101 [cuckoo.core.plugins] DEBUG: Executed processing module \"ProcessMemory\" for task #9\n", 
            "2017-07-25 18:26:58,101 [cuckoo.core.plugins] DEBUG: Executed processing module \"Procmon\" for task #9\n", 
            "2017-07-25 18:26:58,118 [cuckoo.core.plugins] DEBUG: Executed processing module \"Screenshots\" for task #9\n", 
            "2017-07-25 18:26:58,453 [cuckoo.core.plugins] DEBUG: Executed processing module \"Static\" for task #9\n", 
            "2017-07-25 18:26:58,456 [cuckoo.core.plugins] DEBUG: Executed processing module \"Strings\" for task #9\n", 
            "2017-07-25 18:26:58,459 [cuckoo.core.plugins] DEBUG: Executed processing module \"TargetInfo\" for task #9\n", 
            "2017-07-25 18:27:03,769 [cuckoo.core.plugins] DEBUG: Executed processing module \"NetworkAnalysis\" for task #9\n", 
            "2017-07-25 18:27:03,770 [cuckoo.core.plugins] DEBUG: Executed processing module \"TLSMasterSecrets\" for task #9\n", 
            "2017-07-25 18:27:03,774 [cuckoo.core.plugins] DEBUG: Executed processing module \"Debug\" for task #9\n", 
            "2017-07-25 18:27:03,777 [cuckoo.core.plugins] DEBUG: You are running a version of Cuckoo that's not compatible with this signature (either it's too old or too new): cuckoo=2.0.4a3 signature=amsi_bypass minversion=2.0.4 maxversion=None\n", 
            "2017-07-25 18:27:03,778 [cuckoo.core.plugins] DEBUG: You are running a version of Cuckoo that's not compatible with this signature (either it's too old or too new): cuckoo=2.0.4a3 signature=applocker_bypass minversion=2.0.4 maxversion=None\n", 
            "2017-07-25 18:27:03,784 [cuckoo.core.plugins] DEBUG: You are running a version of Cuckoo that's not compatible with this signature (either it's too old or too new): cuckoo=2.0.4a3 signature=metasploit_shellcode minversion=2.0.4 maxversion=None\n", 
            "2017-07-25 18:27:03,786 [cuckoo.core.plugins] DEBUG: You are running a version of Cuckoo that's not compatible with this signature (either it's too old or too new): cuckoo=2.0.4a3 signature=powerfun minversion=2.0.4 maxversion=None\n", 
            "2017-07-25 18:27:03,787 [cuckoo.core.plugins] DEBUG: You are running a version of Cuckoo that's not compatible with this signature (either it's too old or too new): cuckoo=2.0.4a3 signature=powershell_bitstransfer minversion=2.0.4 maxversion=None\n", 
            "2017-07-25 18:27:03,787 [cuckoo.core.plugins] DEBUG: You are running a version of Cuckoo that's not compatible with this signature (either it's too old or too new): cuckoo=2.0.4a3 signature=powershell_c2dns minversion=2.0.4 maxversion=None\n", 
            "2017-07-25 18:27:03,787 [cuckoo.core.plugins] DEBUG: You are running a version of Cuckoo that's not compatible with this signature (either it's too old or too new): cuckoo=2.0.4a3 signature=powershell_ddi_rc4 minversion=2.0.4 maxversion=None\n", 
            "2017-07-25 18:27:03,787 [cuckoo.core.plugins] DEBUG: You are running a version of Cuckoo that's not compatible with this signature (either it's too old or too new): cuckoo=2.0.4a3 signature=powershell_dfsp minversion=2.0.4 maxversion=None\n", 
            "2017-07-25 18:27:03,788 [cuckoo.core.plugins] DEBUG: You are running a version of Cuckoo that's not compatible with this signature (either it's too old or too new): cuckoo=2.0.4a3 signature=powershell_di minversion=2.0.4 maxversion=None\n", 
            "2017-07-25 18:27:03,788 [cuckoo.core.plugins] DEBUG: You are running a version of Cuckoo that's not compatible with this signature (either it's too old or too new): cuckoo=2.0.4a3 signature=powershell_empire minversion=2.0.4 maxversion=None\n", 
            "2017-07-25 18:27:03,788 [cuckoo.core.plugins] DEBUG: You are running a version of Cuckoo that's not compatible with this signature (either it's too old or too new): cuckoo=2.0.4a3 signature=powershell_meterpreter minversion=2.0.4 maxversion=None\n", 
            "2017-07-25 18:27:03,789 [cuckoo.core.plugins] DEBUG: You are running a version of Cuckoo that's not compatible with this signature (either it's too old or too new): cuckoo=2.0.4a3 signature=powershell_reg_add minversion=2.0.4 maxversion=None\n", 
            "2017-07-25 18:27:03,789 [cuckoo.core.plugins] DEBUG: You are running a version of Cuckoo that's not compatible with this signature (either it's too old or too new): cuckoo=2.0.4a3 signature=powershell_unicorn minversion=2.0.4 maxversion=None\n", 
            "2017-07-25 18:27:03,789 [cuckoo.core.plugins] DEBUG: You are running a version of Cuckoo that's not compatible with this signature (either it's too old or too new): cuckoo=2.0.4a3 signature=powerworm minversion=2.0.4 maxversion=None\n", 
            "2017-07-25 18:27:03,794 [cuckoo.core.plugins] DEBUG: Running 425 signatures\n", 
            "2017-07-25 18:27:03,977 [cuckoo.core.plugins] DEBUG: Analysis matched signature: network_http\n", 
            "2017-07-25 18:27:03,977 [cuckoo.core.plugins] DEBUG: Analysis matched signature: has_pdb\n"
        ]
    }, 
    "screenshots": [
        {
            "path": "/home/tempuser/.cuckoo/storage/analyses/9/shots/0001.jpg", 
            "ocr": ""
        }
    ], 
    "strings": [
        "!This program cannot be run in DOS mode.", 
        "(VHu(U0", 
        "(_0q(^0", 
        "(Rich_0", 
        "`.rdata", 
        "@.data", 
        "@.reloc", 
        "u&h<3@", 
        "regsvr32 /s C:\\Windows\\atidrv.dll", 
        "C:\\Users\\IEUser\\Downloads\\BHOinCPP_src\\BHOinCPP\\Release\\launch.pdb", 
        ".text$mn", 
        ".idata$5", 
        ".00cfg", 
        ".CRT$XCA", 
        ".CRT$XCAA", 
        ".CRT$XCZ", 
        ".CRT$XIA", 
        ".CRT$XIAA", 
        ".CRT$XIAC", 
        ".CRT$XIZ", 
        ".CRT$XPA", 
        ".CRT$XPZ", 
        ".CRT$XTA", 
        ".CRT$XTZ", 
        ".rdata", 
        ".rdata$sxdata", 
        ".rdata$zzzdbg", 
        ".rtc$IAA", 
        ".rtc$IZZ", 
        ".rtc$TAA", 
        ".rtc$TZZ", 
        ".xdata$x", 
        ".idata$2", 
        ".idata$3", 
        ".idata$4", 
        ".idata$6", 
        ".rsrc$01", 
        ".rsrc$02", 
        "SizeofResource", 
        "WriteFile", 
        "CreateFileW", 
        "LockResource", 
        "CloseHandle", 
        "LoadResource", 
        "FindResourceW", 
        "GetModuleHandleW", 
        "KERNEL32.dll", 
        "__telemetry_main_invoke_trigger", 
        "__telemetry_main_return_trigger", 
        "memset", 
        "_except_handler4_common", 
        "VCRUNTIME140.dll", 
        "system", 
        "_seh_filter_exe", 
        "_set_app_type", 
        "__setusermatherr", 
        "_configure_narrow_argv", 
        "_initialize_narrow_environment", 
        "_get_initial_narrow_environment", 
        "_initterm", 
        "_initterm_e", 
        "_set_fmode", 
        "__p___argc", 
        "__p___argv", 
        "_cexit", 
        "_c_exit", 
        "_register_thread_local_exe_atexit_callback", 
        "_configthreadlocale", 
        "_set_new_mode", 
        "__p__commode", 
        "_initialize_onexit_table", 
        "_register_onexit_function", 
        "_crt_atexit", 
        "_controlfp_s", 
        "terminate", 
        "api-ms-win-crt-runtime-l1-1-0.dll", 
        "api-ms-win-crt-math-l1-1-0.dll", 
        "api-ms-win-crt-stdio-l1-1-0.dll", 
        "api-ms-win-crt-locale-l1-1-0.dll", 
        "api-ms-win-crt-heap-l1-1-0.dll", 
        "UnhandledExceptionFilter", 
        "SetUnhandledExceptionFilter", 
        "GetCurrentProcess", 
        "TerminateProcess", 
        "IsProcessorFeaturePresent", 
        "QueryPerformanceCounter", 
        "GetCurrentProcessId", 
        "GetCurrentThreadId", 
        "GetSystemTimeAsFileTime", 
        "InitializeSListHead", 
        "IsDebuggerPresent", 
        "!This program cannot be run in DOS mode.", 
        "`.rdata", 
        "@.data", 
        "@.reloc", 
        "Unknown exception", 
        "bad allocation", 
        "bad array new length", 
        "http://rpis.ec/", 
        "http://rpis.ec/binexp", 
        "https://twitter.com/RPISEC", 
        "https://www.facebook.com/RPI-Computer-Security-Club-RPISEC-121207327959689/timeline/", 
        "http://blog.rpis.ec/", 
        "http://security.cs.rpi.edu/courses/binexp-spring2015/", 
        "C:\\Users\\IEUser\\Downloads\\BHOinCPP_src\\BHOinCPP\\Release\\BHOinCPP.pdb", 
        ".text$di", 
        ".text$mn", 
        ".text$x", 
        ".text$yd", 
        ".idata$5", 
        ".00cfg", 
        ".CRT$XCA", 
        ".CRT$XCU", 
        ".CRT$XCZ", 
        ".CRT$XIA", 
        ".CRT$XIZ", 
        ".CRT$XPA", 
        ".CRT$XPZ", 
        ".CRT$XTA", 
        ".CRT$XTZ", 
        ".rdata", 
        ".rdata$r", 
        ".rdata$sxdata", 
        ".rdata$zzzdbg", 
        ".rtc$IAA", 
        ".rtc$IZZ", 
        ".rtc$TAA", 
        ".rtc$TZZ", 
        ".xdata$x", 
        ".edata", 
        ".idata$2", 
        ".idata$3", 
        ".idata$4", 
        ".idata$6", 
        ".data$r", 
        ".rsrc$01", 
        ".rsrc$02", 
        "BHOinCPP.dll", 
        "DllCanUnloadNow", 
        "DllGetClassObject", 
        "DllRegisterServer", 
        "DllUnregisterServer", 
        "IsBadWritePtr", 
        "GetModuleFileNameW", 
        "DisableThreadLibraryCalls", 
        "KERNEL32.dll", 
        "RegSetValueExW", 
        "RegCreateKeyExW", 
        "RegDeleteKeyW", 
        "RegCloseKey", 
        "ADVAPI32.dll", 
        "CoInitialize", 
        "CoCreateInstance", 
        "ole32.dll", 
        "OLEAUT32.dll", 
        "_purecall", 
        "__telemetry_main_invoke_trigger", 
        "__telemetry_main_return_trigger", 
        "__std_exception_copy", 
        "__std_exception_destroy", 
        "_CxxThrowException", 
        "__std_type_info_destroy_list", 
        "memset", 
        "_except_handler4_common", 
        "__CxxFrameHandler3", 
        "VCRUNTIME140.dll", 
        "_time64", 
        "wcsnlen", 
        "_wcsicmp", 
        "_callnewh", 
        "malloc", 
        "_initterm", 
        "_initterm_e", 
        "_seh_filter_dll", 
        "_initialize_narrow_environment", 
        "_initialize_onexit_table", 
        "_register_onexit_function", 
        "_execute_onexit_table", 
        "_crt_atexit", 
        "_cexit", 
        "api-ms-win-crt-utility-l1-1-0.dll", 
        "api-ms-win-crt-time-l1-1-0.dll", 
        "api-ms-win-crt-string-l1-1-0.dll", 
        "api-ms-win-crt-heap-l1-1-0.dll", 
        "api-ms-win-crt-runtime-l1-1-0.dll", 
        "UnhandledExceptionFilter", 
        "SetUnhandledExceptionFilter", 
        "GetCurrentProcess", 
        "TerminateProcess", 
        "IsProcessorFeaturePresent", 
        "QueryPerformanceCounter", 
        "GetCurrentProcessId", 
        "GetCurrentThreadId", 
        "GetSystemTimeAsFileTime", 
        "InitializeSListHead", 
        "IsDebuggerPresent", 
        "GetLastError", 
        "MultiByteToWideChar", 
        "LocalFree", 
        "memcmp", 
        ".?AVtype_info@@", 
        ".?AVbad_alloc@std@@", 
        ".?AVexception@std@@", 
        ".?AVbad_array_new_length@std@@", 
        ".?AV_com_error@@", 
        ".?AUIClassFactory@@", 
        ".?AV?$CUnknown@UIClassFactory@@@@", 
        ".?AUIUnknown@@", 
        ".?AVCClassFactory@@", 
        ".?AVCEventSink@@", 
        ".?AUIDispatch@@", 
        ".?AUDWebBrowserEvents2@@", 
        ".?AVCObjectWithSite@@", 
        ".?AV?$CUnknown@UIObjectWithSite@@@@", 
        ".?AUIObjectWithSite@@", 
        "<?xml version='1.0' encoding='UTF-8' standalone='yes'?>", 
        "<assembly xmlns='urn:schemas-microsoft-com:asm.v1' manifestVersion='1.0'>", 
        "  <trustInfo xmlns=\"urn:schemas-microsoft-com:asm.v3\">", 
        "    <security>", 
        "      <requestedPrivileges>", 
        "        <requestedExecutionLevel level='asInvoker' uiAccess='false' />", 
        "      </requestedPrivileges>", 
        "    </security>", 
        "  </trustInfo>", 
        "</assembly>", 
        "0!0&0+01070=0C0H0M0S0Y0d0t0y0", 
        "6$7[7t7", 
        "9-9W9p9", 
        ";!;9;B;^;x;", 
        ";*<=<C<J<^<p<", 
        ">#>6>C>^>i>", 
        "?1?<?c?p?}?", 
        "4=4M4d4u4", 
        "5 5*585J5_5", 
        "72787>7D7J7P7W7^7e7l7s7z7", 
        "8'8A8G8`8z8", 
        ";<;Q;X;^;p;z;", 
        ">4>>>O>\\>a>", 
        ">+?0?C?Q?l?w?", 
        "0^0m0t0", 
        "1%2@2Y2", 
        "3+3C3v3~3", 
        "525A5G5", 
        "1 1$1(1,1", 
        "2024282T2X2\\2`2d2h2l2p2t2x2|2", 
        "9 90949D9H9P9h9x9|9", 
        ": :$:8:<:@:D:L:d:h:", 
        ";$;4;D;H;L;d;h;", 
        "<$<(<8<H<L<P<X<\\<`<t<x<", 
        "0$0D0P0p0", 
        "1(101D1L1T1\\1`1d1l1", 
        "0D0\\0x0", 
        "0 181T1p1", 
        "<?xml version='1.0' encoding='UTF-8' standalone='yes'?>", 
        "<assembly xmlns='urn:schemas-microsoft-com:asm.v1' manifestVersion='1.0'>", 
        "  <trustInfo xmlns=\"urn:schemas-microsoft-com:asm.v3\">", 
        "    <security>", 
        "      <requestedPrivileges>", 
        "        <requestedExecutionLevel level='asInvoker' uiAccess='false' />", 
        "      </requestedPrivileges>", 
        "    </security>", 
        "  </trustInfo>", 
        "</assembly>", 
        "0+0<0I0h0", 
        "3'32393Y3_3e3k3q3w3~3", 
        "5 535?5O5`5", 
        "5%626Y6a6z6", 
        "7/777O7U7|7", 
        "9\"9k9p9", 
        "9;:@:S:a:|:", 
        ";\u001f;';n;};", 
        "<\"<(<.<4<:<@<F<L<R<X<^<d<j<p<v<|<", 
        "1<2@2H2L5P5l5p5", 
        "@RC_DATA", 
        "IDR_DLL1", 
        "C:\\Windows\\atidrv.dll", 
        "RC_DATA", 
        "IDR_DLL1", 
        "explorer.exe", 
        "CLSID\\{3543619C-D563-43f7-95EA-4DA7E1CC396A}", 
        "CodeProject Example BHO", 
        "CLSID\\{3543619C-D563-43f7-95EA-4DA7E1CC396A}\\InProcServer32", 
        "Apartment", 
        "ThreadingModel", 
        "Software\\Microsoft\\Windows\\CurrentVersion\\Explorer\\Browser Helper Objects\\{3543619C-D563-43f7-95EA-4DA7E1CC396A}", 
        "NoExplorer", 
        "Software\\Microsoft\\Windows\\CurrentVersion\\Explorer\\Browser Helper Objects\\{3543619C-D563-43f7-95EA-4DA7E1CC396A}", 
        "CLSID\\{3543619C-D563-43f7-95EA-4DA7E1CC396A}\\InProcServer32", 
        "CLSID\\{3543619C-D563-43f7-95EA-4DA7E1CC396A}"
    ], 
    "metadata": {
        "output": {
            "pcap": {
                "basename": "dump.pcap", 
                "sha256": "1468d2cdb96e8026a870bda138579aface6212d7df5dade0f44c27a8d52dc218", 
                "dirname": ""
            }
        }
    }
}