{
    "info": {
        "added": 1501006300.037219, 
        "started": 1501007440.114526, 
        "duration": 45, 
        "ended": 1501007485.334279, 
        "owner": null, 
        "score": 0.2, 
        "id": 12, 
        "category": "file", 
        "git": {
            "head": "", 
            "fetch_head": ""
        }, 
        "monitor": "2bd01ede5c5258d5fce2e38bc58348a62c11ce33", 
        "package": "exe", 
        "route": "tor", 
        "custom": null, 
        "machine": {
            "status": "stopped", 
            "name": "cuckoo1", 
            "label": "cuckoo1", 
            "manager": "VirtualBox", 
            "started_on": "2017-07-25 18:30:40", 
            "shutdown_on": "2017-07-25 18:31:24"
        }, 
        "platform": null, 
        "version": "2.0.4a3", 
        "options": "procmemdump=yes,route=tor"
    }, 
    "signatures": [
        {
            "markcount": 1, 
            "families": [], 
            "description": "This executable has a PDB path", 
            "severity": 1, 
            "marks": [
                {
                    "category": "pdb_path", 
                    "ioc": "C:\\Users\\aaron\\Documents\\Visual Studio 2015\\Projects\\lab4b\\Release\\lab4b.pdb", 
                    "type": "ioc", 
                    "description": null
                }
            ], 
            "references": [], 
            "name": "has_pdb"
        }
    ], 
    "target": {
        "category": "file", 
        "file": {
            "yara": [], 
            "sha1": "4466b64a3a57c19fdd2c654c617f0aa8d0a89796", 
            "name": "Lab_04-2.exe", 
            "type": "PE32 executable (console) Intel 80386, for MS Windows", 
            "sha256": "f18df210147e7a24e4e887bba9230fef3a4bec7c643021e60914c8be62419fbc", 
            "urls": [], 
            "crc32": "9347C615", 
            "path": "/home/tempuser/.cuckoo/storage/binaries/f18df210147e7a24e4e887bba9230fef3a4bec7c643021e60914c8be62419fbc", 
            "ssdeep": null, 
            "size": 9216, 
            "sha512": "2f65d4043aa24cc5425aaef326ed51883eabe701e4102aa4c098a0efb328c3d33cc5d49888134650bc3f69ecd401874601357ee253c42f703442004f8ba52fb0", 
            "md5": "afdd6b8dae9f522e3e42d4bec4b17716"
        }
    }, 
    "network": {
        "tls": [], 
        "udp": [
            {
                "src": "192.168.56.101", 
                "dst": "192.168.56.255", 
                "offset": 1010, 
                "time": 3.269608974456787, 
                "dport": 137, 
                "sport": 137
            }, 
            {
                "src": "192.168.56.101", 
                "dst": "224.0.0.252", 
                "offset": 2326, 
                "time": 1.7270441055297852, 
                "dport": 5355, 
                "sport": 56928
            }, 
            {
                "src": "192.168.56.101", 
                "dst": "224.0.0.252", 
                "offset": 2654, 
                "time": 1.211151123046875, 
                "dport": 5355, 
                "sport": 57887
            }, 
            {
                "src": "192.168.56.101", 
                "dst": "224.0.0.252", 
                "offset": 3014, 
                "time": 3.202342987060547, 
                "dport": 5355, 
                "sport": 61297
            }, 
            {
                "src": "192.168.56.101", 
                "dst": "224.0.0.252", 
                "offset": 3342, 
                "time": 2.2773990631103516, 
                "dport": 5355, 
                "sport": 62503
            }, 
            {
                "src": "192.168.56.101", 
                "dst": "224.0.0.252", 
                "offset": 3662, 
                "time": 3.2020671367645264, 
                "dport": 5355, 
                "sport": 64684
            }, 
            {
                "src": "192.168.56.101", 
                "dst": "8.8.8.8", 
                "offset": 4022, 
                "time": 2.598128080368042, 
                "dport": 53, 
                "sport": 50761
            }, 
            {
                "src": "192.168.56.101", 
                "dst": "8.8.8.8", 
                "offset": 4114, 
                "time": 3.201261043548584, 
                "dport": 53, 
                "sport": 54166
            }, 
            {
                "src": "192.168.56.101", 
                "dst": "8.8.8.8", 
                "offset": 4215, 
                "time": 2.3559069633483887, 
                "dport": 53, 
                "sport": 59155
            }
        ], 
        "dns_servers": [
            "8.8.8.8"
        ], 
        "http": [], 
        "icmp": [], 
        "smtp": [], 
        "tcp": [], 
        "smtp_ex": [], 
        "mitm": [], 
        "hosts": [
            "8.8.8.8"
        ], 
        "pcap_sha256": "e2988a8d129410c0be9aca8fbc1bcc7253f6cce31fdbd9e215c260e24c3ce3fa", 
        "dns": [
            {
                "type": "A", 
                "request": "www.msftncsi.com", 
                "answers": []
            }, 
            {
                "type": "A", 
                "request": "dns.msftncsi.com", 
                "answers": []
            }, 
            {
                "type": "A", 
                "request": "teredo.ipv6.microsoft.com", 
                "answers": []
            }
        ], 
        "http_ex": [], 
        "domains": [
            {
                "ip": "23.215.130.146", 
                "domain": "www.msftncsi.com"
            }, 
            {
                "ip": "94.245.121.251", 
                "domain": "teredo.ipv6.microsoft.com"
            }, 
            {
                "ip": "131.107.255.255", 
                "domain": "dns.msftncsi.com"
            }
        ], 
        "dead_hosts": [], 
        "sorted_pcap_sha256": "e1e5511519fd3dbcc684e2cc426a52645da537701c0696fd16bbebd19d201ce6", 
        "irc": [], 
        "https_ex": []
    }, 
    "static": {
        "pdb_path": "C:\\Users\\aaron\\Documents\\Visual Studio 2015\\Projects\\lab4b\\Release\\lab4b.pdb", 
        "pe_imports": [
            {
                "imports": [
                    {
                        "name": "memset", 
                        "address": "0x402034"
                    }, 
                    {
                        "name": "__telemetry_main_return_trigger", 
                        "address": "0x402038"
                    }, 
                    {
                        "name": "_except_handler4_common", 
                        "address": "0x40203c"
                    }, 
                    {
                        "name": "__telemetry_main_invoke_trigger", 
                        "address": "0x402040"
                    }
                ], 
                "dll": "VCRUNTIME140.dll"
            }, 
            {
                "imports": [
                    {
                        "name": "_set_fmode", 
                        "address": "0x4020b0"
                    }, 
                    {
                        "name": "__stdio_common_vfscanf", 
                        "address": "0x4020b4"
                    }, 
                    {
                        "name": "__stdio_common_vfprintf", 
                        "address": "0x4020b8"
                    }, 
                    {
                        "name": "__acrt_iob_func", 
                        "address": "0x4020bc"
                    }, 
                    {
                        "name": "__p__commode", 
                        "address": "0x4020c0"
                    }
                ], 
                "dll": "api-ms-win-crt-stdio-l1-1-0.dll"
            }, 
            {
                "imports": [
                    {
                        "name": "_register_thread_local_exe_atexit_callback", 
                        "address": "0x402060"
                    }, 
                    {
                        "name": "_seh_filter_exe", 
                        "address": "0x402064"
                    }, 
                    {
                        "name": "_initialize_onexit_table", 
                        "address": "0x402068"
                    }, 
                    {
                        "name": "_c_exit", 
                        "address": "0x40206c"
                    }, 
                    {
                        "name": "_crt_atexit", 
                        "address": "0x402070"
                    }, 
                    {
                        "name": "_controlfp_s", 
                        "address": "0x402074"
                    }, 
                    {
                        "name": "terminate", 
                        "address": "0x402078"
                    }, 
                    {
                        "name": "_set_app_type", 
                        "address": "0x40207c"
                    }, 
                    {
                        "name": "_cexit", 
                        "address": "0x402080"
                    }, 
                    {
                        "name": "__p___argv", 
                        "address": "0x402084"
                    }, 
                    {
                        "name": "_register_onexit_function", 
                        "address": "0x402088"
                    }, 
                    {
                        "name": "_exit", 
                        "address": "0x40208c"
                    }, 
                    {
                        "name": "exit", 
                        "address": "0x402090"
                    }, 
                    {
                        "name": "_initterm_e", 
                        "address": "0x402094"
                    }, 
                    {
                        "name": "_initterm", 
                        "address": "0x402098"
                    }, 
                    {
                        "name": "_get_initial_narrow_environment", 
                        "address": "0x40209c"
                    }, 
                    {
                        "name": "_initialize_narrow_environment", 
                        "address": "0x4020a0"
                    }, 
                    {
                        "name": "_configure_narrow_argv", 
                        "address": "0x4020a4"
                    }, 
                    {
                        "name": "__p___argc", 
                        "address": "0x4020a8"
                    }
                ], 
                "dll": "api-ms-win-crt-runtime-l1-1-0.dll"
            }, 
            {
                "imports": [
                    {
                        "name": "__setusermatherr", 
                        "address": "0x402058"
                    }
                ], 
                "dll": "api-ms-win-crt-math-l1-1-0.dll"
            }, 
            {
                "imports": [
                    {
                        "name": "_configthreadlocale", 
                        "address": "0x402050"
                    }
                ], 
                "dll": "api-ms-win-crt-locale-l1-1-0.dll"
            }, 
            {
                "imports": [
                    {
                        "name": "_set_new_mode", 
                        "address": "0x402048"
                    }
                ], 
                "dll": "api-ms-win-crt-heap-l1-1-0.dll"
            }, 
            {
                "imports": [
                    {
                        "name": "SetUnhandledExceptionFilter", 
                        "address": "0x402000"
                    }, 
                    {
                        "name": "GetCurrentProcess", 
                        "address": "0x402004"
                    }, 
                    {
                        "name": "TerminateProcess", 
                        "address": "0x402008"
                    }, 
                    {
                        "name": "IsProcessorFeaturePresent", 
                        "address": "0x40200c"
                    }, 
                    {
                        "name": "QueryPerformanceCounter", 
                        "address": "0x402010"
                    }, 
                    {
                        "name": "GetModuleHandleW", 
                        "address": "0x402014"
                    }, 
                    {
                        "name": "IsDebuggerPresent", 
                        "address": "0x402018"
                    }, 
                    {
                        "name": "InitializeSListHead", 
                        "address": "0x40201c"
                    }, 
                    {
                        "name": "GetSystemTimeAsFileTime", 
                        "address": "0x402020"
                    }, 
                    {
                        "name": "GetCurrentThreadId", 
                        "address": "0x402024"
                    }, 
                    {
                        "name": "GetCurrentProcessId", 
                        "address": "0x402028"
                    }, 
                    {
                        "name": "UnhandledExceptionFilter", 
                        "address": "0x40202c"
                    }
                ], 
                "dll": "KERNEL32.dll"
            }
        ], 
        "peid_signatures": null, 
        "keys": [], 
        "signature": [], 
        "pe_timestamp": "2015-10-01 21:50:58", 
        "pe_exports": [], 
        "imported_dll_count": 7, 
        "pe_imphash": "6ebd40a4077c82d6d2092cc74f61aa23", 
        "pe_resources": [
            {
                "name": "RT_MANIFEST", 
                "language": "LANG_ENGLISH", 
                "filetype": "XML 1.0 document text", 
                "sublanguage": "SUBLANG_ENGLISH_US", 
                "offset": "0x00004060", 
                "size": "0x0000017d"
            }
        ], 
        "pe_versioninfo": [], 
        "pe_sections": [
            {
                "size_of_data": "0x00000e00", 
                "virtual_address": "0x00001000", 
                "entropy": 6.308480449636111, 
                "name": ".text", 
                "virtual_size": "0x00000dbd"
            }, 
            {
                "size_of_data": "0x00000c00", 
                "virtual_address": "0x00002000", 
                "entropy": 4.449055929329239, 
                "name": ".rdata", 
                "virtual_size": "0x00000abc"
            }, 
            {
                "size_of_data": "0x00000200", 
                "virtual_address": "0x00003000", 
                "entropy": 2.3178465823783165, 
                "name": ".data", 
                "virtual_size": "0x00000410"
            }, 
            {
                "size_of_data": "0x00000200", 
                "virtual_address": "0x00004000", 
                "entropy": 4.7015032582517895, 
                "name": ".rsrc", 
                "virtual_size": "0x000001e0"
            }, 
            {
                "size_of_data": "0x00000200", 
                "virtual_address": "0x00005000", 
                "entropy": 4.804772656529973, 
                "name": ".reloc", 
                "virtual_size": "0x00000154"
            }
        ]
    }, 
    "behavior": {
        "generic": [
            {
                "process_path": "C:\\Windows\\System32\\lsass.exe", 
                "process_name": "lsass.exe", 
                "pid": 460, 
                "summary": {}, 
                "first_seen": 1501002700.578125, 
                "ppid": 352
            }
        ], 
        "processes": [
            {
                "process_path": "C:\\Windows\\System32\\lsass.exe", 
                "calls": [], 
                "track": false, 
                "pid": 460, 
                "process_name": "lsass.exe", 
                "command_line": "C:\\Windows\\system32\\lsass.exe", 
                "modules": [
                    {
                        "basename": "lsass.exe", 
                        "imgsize": 49152, 
                        "baseaddr": "0x100000000", 
                        "filepath": "C:\\Windows\\system32\\lsass.exe"
                    }, 
                    {
                        "basename": "ntdll.dll", 
                        "imgsize": 1740800, 
                        "baseaddr": "0x78e50000", 
                        "filepath": "C:\\Windows\\SYSTEM32\\ntdll.dll"
                    }, 
                    {
                        "basename": "kernel32.dll", 
                        "imgsize": 1175552, 
                        "baseaddr": "0x78d20000", 
                        "filepath": "C:\\Windows\\system32\\kernel32.dll"
                    }, 
                    {
                        "basename": "KERNELBASE.dll", 
                        "imgsize": 438272, 
                        "baseaddr": "0x7ff38880000", 
                        "filepath": "C:\\Windows\\system32\\KERNELBASE.dll"
                    }, 
                    {
                        "basename": "msvcrt.dll", 
                        "imgsize": 651264, 
                        "baseaddr": "0x7ff756a0000", 
                        "filepath": "C:\\Windows\\system32\\msvcrt.dll"
                    }, 
                    {
                        "basename": "RPCRT4.dll", 
                        "imgsize": 1232896, 
                        "baseaddr": "0x7ff7fde0000", 
                        "filepath": "C:\\Windows\\system32\\RPCRT4.dll"
                    }, 
                    {
                        "basename": "SspiSrv.dll", 
                        "imgsize": 45056, 
                        "baseaddr": "0x7ff254b0000", 
                        "filepath": "C:\\Windows\\system32\\SspiSrv.dll"
                    }, 
                    {
                        "basename": "lsasrv.dll", 
                        "imgsize": 1470464, 
                        "baseaddr": "0x7ff7d000000", 
                        "filepath": "C:\\Windows\\system32\\lsasrv.dll"
                    }, 
                    {
                        "basename": "sechost.dll", 
                        "imgsize": 126976, 
                        "baseaddr": "0x7ff2d2e0000", 
                        "filepath": "C:\\Windows\\SYSTEM32\\sechost.dll"
                    }, 
                    {
                        "basename": "SspiCli.dll", 
                        "imgsize": 151552, 
                        "baseaddr": "0x7ff2c960000", 
                        "filepath": "C:\\Windows\\system32\\SspiCli.dll"
                    }, 
                    {
                        "basename": "ADVAPI32.dll", 
                        "imgsize": 897024, 
                        "baseaddr": "0x7ff7ff10000", 
                        "filepath": "C:\\Windows\\system32\\ADVAPI32.dll"
                    }, 
                    {
                        "basename": "USER32.dll", 
                        "imgsize": 1024000, 
                        "baseaddr": "0x78c20000", 
                        "filepath": "C:\\Windows\\system32\\USER32.dll"
                    }, 
                    {
                        "basename": "GDI32.dll", 
                        "imgsize": 421888, 
                        "baseaddr": "0x7ff7fd70000", 
                        "filepath": "C:\\Windows\\system32\\GDI32.dll"
                    }, 
                    {
                        "basename": "LPK.dll", 
                        "imgsize": 57344, 
                        "baseaddr": "0x7ff70410000", 
                        "filepath": "C:\\Windows\\system32\\LPK.dll"
                    }, 
                    {
                        "basename": "USP10.dll", 
                        "imgsize": 823296, 
                        "baseaddr": "0x7ff760c0000", 
                        "filepath": "C:\\Windows\\system32\\USP10.dll"
                    }, 
                    {
                        "basename": "SAMSRV.dll", 
                        "imgsize": 774144, 
                        "baseaddr": "0x7ff75b40000", 
                        "filepath": "C:\\Windows\\system32\\SAMSRV.dll"
                    }, 
                    {
                        "basename": "cryptdll.dll", 
                        "imgsize": 81920, 
                        "baseaddr": "0x7ff710b0000", 
                        "filepath": "C:\\Windows\\system32\\cryptdll.dll"
                    }, 
                    {
                        "basename": "MSASN1.dll", 
                        "imgsize": 61440, 
                        "baseaddr": "0x7ff70ca0000", 
                        "filepath": "C:\\Windows\\system32\\MSASN1.dll"
                    }, 
                    {
                        "basename": "wevtapi.dll", 
                        "imgsize": 446464, 
                        "baseaddr": "0x7ff739d0000", 
                        "filepath": "C:\\Windows\\system32\\wevtapi.dll"
                    }, 
                    {
                        "basename": "IMM32.DLL", 
                        "imgsize": 188416, 
                        "baseaddr": "0x7ff718f0000", 
                        "filepath": "C:\\Windows\\system32\\IMM32.DLL"
                    }, 
                    {
                        "basename": "MSCTF.dll", 
                        "imgsize": 1085440, 
                        "baseaddr": "0x7ff774b0000", 
                        "filepath": "C:\\Windows\\system32\\MSCTF.dll"
                    }, 
                    {
                        "basename": "cngaudit.dll", 
                        "imgsize": 36864, 
                        "baseaddr": "0x7ff268a0000", 
                        "filepath": "C:\\Windows\\system32\\cngaudit.dll"
                    }, 
                    {
                        "basename": "AUTHZ.dll", 
                        "imgsize": 192512, 
                        "baseaddr": "0x7ff73000000", 
                        "filepath": "C:\\Windows\\system32\\AUTHZ.dll"
                    }, 
                    {
                        "basename": "ncrypt.dll", 
                        "imgsize": 319488, 
                        "baseaddr": "0x7ff729d0000", 
                        "filepath": "C:\\Windows\\system32\\ncrypt.dll"
                    }, 
                    {
                        "basename": "bcrypt.dll", 
                        "imgsize": 139264, 
                        "baseaddr": "0x7ff71ad0000", 
                        "filepath": "C:\\Windows\\system32\\bcrypt.dll"
                    }, 
                    {
                        "basename": "msprivs.DLL", 
                        "imgsize": 8192, 
                        "baseaddr": "0x2a0000", 
                        "filepath": "C:\\Windows\\system32\\msprivs.DLL"
                    }, 
                    {
                        "basename": "netjoin.dll", 
                        "imgsize": 204800, 
                        "baseaddr": "0x7ff313c0000", 
                        "filepath": "C:\\Windows\\system32\\netjoin.dll"
                    }, 
                    {
                        "basename": "negoexts.DLL", 
                        "imgsize": 147456, 
                        "baseaddr": "0x7ff2da20000", 
                        "filepath": "C:\\Windows\\system32\\negoexts.DLL"
                    }, 
                    {
                        "basename": "Secur32.dll", 
                        "imgsize": 45056, 
                        "baseaddr": "0x7ff70200000", 
                        "filepath": "C:\\Windows\\system32\\Secur32.dll"
                    }, 
                    {
                        "basename": "cryptbase.dll", 
                        "imgsize": 61440, 
                        "baseaddr": "0x7ff2ade0000", 
                        "filepath": "C:\\Windows\\system32\\cryptbase.dll"
                    }, 
                    {
                        "basename": "kerberos.DLL", 
                        "imgsize": 737280, 
                        "baseaddr": "0x7ff75e80000", 
                        "filepath": "C:\\Windows\\system32\\kerberos.DLL"
                    }, 
                    {
                        "basename": "CRYPTSP.dll", 
                        "imgsize": 94208, 
                        "baseaddr": "0x7ff2ada0000", 
                        "filepath": "C:\\Windows\\system32\\CRYPTSP.dll"
                    }, 
                    {
                        "basename": "WS2_32.dll", 
                        "imgsize": 315392, 
                        "baseaddr": "0x7ff724e0000", 
                        "filepath": "C:\\Windows\\system32\\WS2_32.dll"
                    }, 
                    {
                        "basename": "NSI.dll", 
                        "imgsize": 32768, 
                        "baseaddr": "0x7ff70310000", 
                        "filepath": "C:\\Windows\\system32\\NSI.dll"
                    }, 
                    {
                        "basename": "mswsock.dll", 
                        "imgsize": 348160, 
                        "baseaddr": "0x7ff734a0000", 
                        "filepath": "C:\\Windows\\system32\\mswsock.dll"
                    }, 
                    {
                        "basename": "wship6.dll", 
                        "imgsize": 28672, 
                        "baseaddr": "0x7ff70060000", 
                        "filepath": "C:\\Windows\\System32\\wship6.dll"
                    }, 
                    {
                        "basename": "msv1_0.DLL", 
                        "imgsize": 331776, 
                        "baseaddr": "0x7ff73500000", 
                        "filepath": "C:\\Windows\\system32\\msv1_0.DLL"
                    }, 
                    {
                        "basename": "netlogon.DLL", 
                        "imgsize": 712704, 
                        "baseaddr": "0x7ff755f0000", 
                        "filepath": "C:\\Windows\\system32\\netlogon.DLL"
                    }, 
                    {
                        "basename": "DNSAPI.dll", 
                        "imgsize": 372736, 
                        "baseaddr": "0x7ff73740000", 
                        "filepath": "C:\\Windows\\system32\\DNSAPI.dll"
                    }, 
                    {
                        "basename": "logoncli.dll", 
                        "imgsize": 196608, 
                        "baseaddr": "0x7ff31ac0000", 
                        "filepath": "C:\\Windows\\system32\\logoncli.dll"
                    }, 
                    {
                        "basename": "schannel.DLL", 
                        "imgsize": 356352, 
                        "baseaddr": "0x7ff73160000", 
                        "filepath": "C:\\Windows\\system32\\schannel.DLL"
                    }, 
                    {
                        "basename": "CRYPT32.dll", 
                        "imgsize": 1470464, 
                        "baseaddr": "0x7ff7fc00000", 
                        "filepath": "C:\\Windows\\system32\\CRYPT32.dll"
                    }, 
                    {
                        "basename": "wdigest.DLL", 
                        "imgsize": 221184, 
                        "baseaddr": "0x7ff71d40000", 
                        "filepath": "C:\\Windows\\system32\\wdigest.DLL"
                    }, 
                    {
                        "basename": "rsaenh.dll", 
                        "imgsize": 290816, 
                        "baseaddr": "0x7ff330e0000", 
                        "filepath": "C:\\Windows\\system32\\rsaenh.dll"
                    }, 
                    {
                        "basename": "tspkg.DLL", 
                        "imgsize": 98304, 
                        "baseaddr": "0x7ff70780000", 
                        "filepath": "C:\\Windows\\system32\\tspkg.DLL"
                    }, 
                    {
                        "basename": "pku2u.DLL", 
                        "imgsize": 282624, 
                        "baseaddr": "0x7ff333b0000", 
                        "filepath": "C:\\Windows\\system32\\pku2u.DLL"
                    }, 
                    {
                        "basename": "bcryptprimitives.dll", 
                        "imgsize": 311296, 
                        "baseaddr": "0x7ff67c00000", 
                        "filepath": "C:\\Windows\\system32\\bcryptprimitives.dll"
                    }, 
                    {
                        "basename": "RpcRtRemote.dll", 
                        "imgsize": 81920, 
                        "baseaddr": "0x7ff285e0000", 
                        "filepath": "C:\\Windows\\system32\\RpcRtRemote.dll"
                    }, 
                    {
                        "basename": "efslsaext.dll", 
                        "imgsize": 73728, 
                        "baseaddr": "0x7ff2a940000", 
                        "filepath": "C:\\Windows\\system32\\efslsaext.dll"
                    }, 
                    {
                        "basename": "scecli.DLL", 
                        "imgsize": 253952, 
                        "baseaddr": "0x7ff71fc0000", 
                        "filepath": "C:\\Windows\\system32\\scecli.DLL"
                    }, 
                    {
                        "basename": "credssp.dll", 
                        "imgsize": 40960, 
                        "baseaddr": "0x7ff7a400000", 
                        "filepath": "C:\\Windows\\system32\\credssp.dll"
                    }, 
                    {
                        "basename": "WINSTA.dll", 
                        "imgsize": 249856, 
                        "baseaddr": "0x7ff71c00000", 
                        "filepath": "C:\\Windows\\system32\\WINSTA.dll"
                    }, 
                    {
                        "basename": "IPHLPAPI.DLL", 
                        "imgsize": 159744, 
                        "baseaddr": "0x7ff71890000", 
                        "filepath": "C:\\Windows\\system32\\IPHLPAPI.DLL"
                    }, 
                    {
                        "basename": "WINNSI.DLL", 
                        "imgsize": 45056, 
                        "baseaddr": "0x7ff700a0000", 
                        "filepath": "C:\\Windows\\system32\\WINNSI.DLL"
                    }, 
                    {
                        "basename": "netutils.dll", 
                        "imgsize": 49152, 
                        "baseaddr": "0x7ff25b00000", 
                        "filepath": "C:\\Windows\\system32\\netutils.dll"
                    }, 
                    {
                        "basename": "USERENV.dll", 
                        "imgsize": 122880, 
                        "baseaddr": "0x7ff70720000", 
                        "filepath": "C:\\Windows\\system32\\USERENV.dll"
                    }, 
                    {
                        "basename": "profapi.dll", 
                        "imgsize": 61440, 
                        "baseaddr": "0x7ff28800000", 
                        "filepath": "C:\\Windows\\system32\\profapi.dll"
                    }, 
                    {
                        "basename": "wshtcpip.dll", 
                        "imgsize": 28672, 
                        "baseaddr": "0x7ff70030000", 
                        "filepath": "C:\\Windows\\System32\\wshtcpip.dll"
                    }, 
                    {
                        "basename": "monitor-x64.dll", 
                        "imgsize": 2224128, 
                        "baseaddr": "0x65a80000", 
                        "filepath": "C:\\tmpmedxdr\\bin\\monitor-x64.dll"
                    }
                ], 
                "time": 0, 
                "tid": 2300, 
                "first_seen": 1501002700.578125, 
                "ppid": 352, 
                "type": "process"
            }
        ], 
        "processtree": [
            {
                "track": false, 
                "pid": 460, 
                "process_name": "lsass.exe", 
                "command_line": "C:\\Windows\\system32\\lsass.exe", 
                "first_seen": 1501002700.578125, 
                "ppid": 352, 
                "children": []
            }
        ]
    }, 
    "debug": {
        "action": [], 
        "dbgview": [], 
        "errors": [], 
        "log": [
            "2017-07-25 18:11:40,000 [analyzer] DEBUG: Starting analyzer from: C:\\tmpmedxdr\n", 
            "2017-07-25 18:11:40,000 [analyzer] DEBUG: Pipe server name: \\??\\PIPE\\FWqKlwQhwOCBuSFgbeWmrUGFPAoj\n", 
            "2017-07-25 18:11:40,000 [analyzer] DEBUG: Log pipe server name: \\??\\PIPE\\BnsJYioWDrDDEBpOQdJCqHTg\n", 
            "2017-07-25 18:11:40,140 [analyzer] DEBUG: Started auxiliary module DbgView\n", 
            "2017-07-25 18:11:40,437 [analyzer] DEBUG: Started auxiliary module Disguise\n", 
            "2017-07-25 18:11:40,515 [analyzer] WARNING: Unable to find the correct offsets for functions of: 64-bit kernel32.dll (with timestamp 0x50b8479a)\n", 
            "2017-07-25 18:11:40,515 [analyzer] WARNING: Unable to find the correct offsets for functions of: 64-bit kernel32.dll (with timestamp 0x50b8479a)\n", 
            "2017-07-25 18:11:40,578 [analyzer] DEBUG: Loaded monitor into process with pid 460\n", 
            "2017-07-25 18:11:40,578 [analyzer] DEBUG: Started auxiliary module DumpTLSMasterSecrets\n", 
            "2017-07-25 18:11:40,578 [analyzer] DEBUG: Started auxiliary module Human\n", 
            "2017-07-25 18:11:40,578 [analyzer] DEBUG: Started auxiliary module InstallCertificate\n", 
            "2017-07-25 18:11:40,578 [analyzer] DEBUG: Started auxiliary module Reboot\n", 
            "2017-07-25 18:11:40,625 [analyzer] DEBUG: Started auxiliary module RecentFiles\n", 
            "2017-07-25 18:11:40,625 [analyzer] DEBUG: Started auxiliary module Screenshots\n", 
            "2017-07-25 18:11:40,625 [analyzer] DEBUG: Started auxiliary module LoadZer0m0n\n", 
            "2017-07-25 18:11:40,687 [lib.api.process] INFO: Successfully executed process from path u'C:\\\\Users\\\\ADMINI~1\\\\AppData\\\\Local\\\\Temp\\\\Lab_04-2.exe' with arguments '' and pid 2380\n", 
            "2017-07-25 18:11:41,717 [analyzer] INFO: Process with pid 2380 has terminated\n", 
            "2017-07-25 18:11:41,717 [analyzer] INFO: Process list is empty, terminating analysis.\n", 
            "2017-07-25 18:11:42,733 [analyzer] INFO: Analysis completed.\n"
        ], 
        "cuckoo": [
            "2017-07-25 18:30:40,408 [cuckoo.core.scheduler] INFO: Task #12: acquired machine cuckoo1 (label=cuckoo1)\n", 
            "2017-07-25 18:30:40,441 [cuckoo.auxiliary.sniffer] INFO: Started sniffer with PID 20814 (interface=vboxnet0, host=192.168.56.101)\n", 
            "2017-07-25 18:30:40,442 [cuckoo.core.plugins] DEBUG: Started auxiliary module: Sniffer\n", 
            "2017-07-25 18:30:40,610 [cuckoo.machinery.virtualbox] DEBUG: Starting vm cuckoo1\n", 
            "2017-07-25 18:30:41,024 [cuckoo.machinery.virtualbox] DEBUG: Restoring virtual machine cuckoo1 to its current snapshot\n", 
            "2017-07-25 18:30:46,354 [cuckoo.core.guest] INFO: Starting analysis on guest (id=cuckoo1, ip=192.168.56.101)\n", 
            "2017-07-25 18:30:47,379 [cuckoo.core.guest] DEBUG: cuckoo1: not ready yet\n", 
            "2017-07-25 18:30:48,390 [cuckoo.core.guest] DEBUG: cuckoo1: not ready yet\n", 
            "2017-07-25 18:30:49,412 [cuckoo.core.guest] DEBUG: cuckoo1: not ready yet\n", 
            "2017-07-25 18:30:50,425 [cuckoo.core.guest] DEBUG: cuckoo1: not ready yet\n", 
            "2017-07-25 18:30:51,454 [cuckoo.core.guest] INFO: Guest is running Cuckoo Agent 0.7 (id=cuckoo1, ip=192.168.56.101)\n", 
            "2017-07-25 18:30:51,482 [cuckoo.core.guest] DEBUG: Uploading analyzer to guest (id=cuckoo1, ip=192.168.56.101, monitor=latest, size=3819773)\n", 
            "2017-07-25 18:30:51,813 [cuckoo.core.guest] DEBUG: cuckoo1: analysis still processing\n", 
            "2017-07-25 18:30:51,922 [cuckoo.core.resultserver] DEBUG: LogHandler for live analysis.log initialized.\n", 
            "2017-07-25 18:30:52,825 [cuckoo.core.guest] DEBUG: cuckoo1: analysis still processing\n", 
            "2017-07-25 18:30:53,673 [cuckoo.core.resultserver] DEBUG: File upload request for shots/0001.jpg\n", 
            "2017-07-25 18:30:53,676 [cuckoo.core.resultserver] DEBUG: Uploaded file length: 73347\n", 
            "2017-07-25 18:30:53,837 [cuckoo.core.guest] DEBUG: cuckoo1: analysis still processing\n", 
            "2017-07-25 18:30:54,843 [cuckoo.core.guest] INFO: cuckoo1: analysis completed successfully\n", 
            "2017-07-25 18:30:55,005 [cuckoo.core.plugins] DEBUG: Stopped auxiliary module: Sniffer\n", 
            "2017-07-25 18:31:15,887 [cuckoo.machinery.virtualbox] INFO: Successfully generated memory dump for virtual machine with label cuckoo1 to path /home/tempuser/.cuckoo/storage/analyses/12/memory.dmp\n", 
            "2017-07-25 18:31:15,888 [cuckoo.machinery.virtualbox] DEBUG: Stopping vm cuckoo1\n", 
            "2017-07-25 18:31:25,449 [cuckoo.core.scheduler] DEBUG: Released database task #12\n", 
            "2017-07-25 18:31:25,493 [cuckoo.core.plugins] DEBUG: Executed processing module \"AnalysisInfo\" for task #12\n", 
            "2017-07-25 18:31:25,536 [cuckoo.core.plugins] DEBUG: Executed processing module \"BehaviorAnalysis\" for task #12\n", 
            "2017-07-25 18:31:25,566 [cuckoo.core.plugins] DEBUG: Executed processing module \"Dropped\" for task #12\n", 
            "2017-07-25 18:31:25,567 [cuckoo.core.plugins] DEBUG: Executed processing module \"DroppedBuffer\" for task #12\n", 
            "2017-07-25 18:31:25,568 [cuckoo.core.plugins] DEBUG: Executed processing module \"Extracted\" for task #12\n", 
            "2017-07-25 18:31:25,569 [cuckoo.core.plugins] DEBUG: Executed processing module \"MetaInfo\" for task #12\n", 
            "2017-07-25 18:31:25,569 [cuckoo.core.plugins] DEBUG: Executed processing module \"ProcessMemory\" for task #12\n", 
            "2017-07-25 18:31:25,570 [cuckoo.core.plugins] DEBUG: Executed processing module \"Procmon\" for task #12\n", 
            "2017-07-25 18:31:25,639 [cuckoo.core.plugins] DEBUG: Executed processing module \"Screenshots\" for task #12\n", 
            "2017-07-25 18:31:26,261 [cuckoo.core.plugins] DEBUG: Executed processing module \"Static\" for task #12\n", 
            "2017-07-25 18:31:26,262 [cuckoo.core.plugins] DEBUG: Executed processing module \"Strings\" for task #12\n", 
            "2017-07-25 18:31:26,572 [cuckoo.core.plugins] DEBUG: Executed processing module \"TargetInfo\" for task #12\n", 
            "2017-07-25 18:31:26,994 [cuckoo.core.plugins] DEBUG: Executed processing module \"NetworkAnalysis\" for task #12\n", 
            "2017-07-25 18:31:26,995 [cuckoo.core.plugins] DEBUG: Executed processing module \"TLSMasterSecrets\" for task #12\n", 
            "2017-07-25 18:31:27,045 [cuckoo.core.plugins] DEBUG: Executed processing module \"Debug\" for task #12\n", 
            "2017-07-25 18:31:27,048 [cuckoo.core.plugins] DEBUG: You are running a version of Cuckoo that's not compatible with this signature (either it's too old or too new): cuckoo=2.0.4a3 signature=amsi_bypass minversion=2.0.4 maxversion=None\n", 
            "2017-07-25 18:31:27,049 [cuckoo.core.plugins] DEBUG: You are running a version of Cuckoo that's not compatible with this signature (either it's too old or too new): cuckoo=2.0.4a3 signature=applocker_bypass minversion=2.0.4 maxversion=None\n", 
            "2017-07-25 18:31:27,057 [cuckoo.core.plugins] DEBUG: You are running a version of Cuckoo that's not compatible with this signature (either it's too old or too new): cuckoo=2.0.4a3 signature=metasploit_shellcode minversion=2.0.4 maxversion=None\n", 
            "2017-07-25 18:31:27,059 [cuckoo.core.plugins] DEBUG: You are running a version of Cuckoo that's not compatible with this signature (either it's too old or too new): cuckoo=2.0.4a3 signature=powerfun minversion=2.0.4 maxversion=None\n", 
            "2017-07-25 18:31:27,060 [cuckoo.core.plugins] DEBUG: You are running a version of Cuckoo that's not compatible with this signature (either it's too old or too new): cuckoo=2.0.4a3 signature=powershell_bitstransfer minversion=2.0.4 maxversion=None\n", 
            "2017-07-25 18:31:27,060 [cuckoo.core.plugins] DEBUG: You are running a version of Cuckoo that's not compatible with this signature (either it's too old or too new): cuckoo=2.0.4a3 signature=powershell_c2dns minversion=2.0.4 maxversion=None\n", 
            "2017-07-25 18:31:27,060 [cuckoo.core.plugins] DEBUG: You are running a version of Cuckoo that's not compatible with this signature (either it's too old or too new): cuckoo=2.0.4a3 signature=powershell_ddi_rc4 minversion=2.0.4 maxversion=None\n", 
            "2017-07-25 18:31:27,061 [cuckoo.core.plugins] DEBUG: You are running a version of Cuckoo that's not compatible with this signature (either it's too old or too new): cuckoo=2.0.4a3 signature=powershell_dfsp minversion=2.0.4 maxversion=None\n", 
            "2017-07-25 18:31:27,061 [cuckoo.core.plugins] DEBUG: You are running a version of Cuckoo that's not compatible with this signature (either it's too old or too new): cuckoo=2.0.4a3 signature=powershell_di minversion=2.0.4 maxversion=None\n", 
            "2017-07-25 18:31:27,061 [cuckoo.core.plugins] DEBUG: You are running a version of Cuckoo that's not compatible with this signature (either it's too old or too new): cuckoo=2.0.4a3 signature=powershell_empire minversion=2.0.4 maxversion=None\n", 
            "2017-07-25 18:31:27,061 [cuckoo.core.plugins] DEBUG: You are running a version of Cuckoo that's not compatible with this signature (either it's too old or too new): cuckoo=2.0.4a3 signature=powershell_meterpreter minversion=2.0.4 maxversion=None\n", 
            "2017-07-25 18:31:27,062 [cuckoo.core.plugins] DEBUG: You are running a version of Cuckoo that's not compatible with this signature (either it's too old or too new): cuckoo=2.0.4a3 signature=powershell_reg_add minversion=2.0.4 maxversion=None\n", 
            "2017-07-25 18:31:27,062 [cuckoo.core.plugins] DEBUG: You are running a version of Cuckoo that's not compatible with this signature (either it's too old or too new): cuckoo=2.0.4a3 signature=powershell_unicorn minversion=2.0.4 maxversion=None\n", 
            "2017-07-25 18:31:27,062 [cuckoo.core.plugins] DEBUG: You are running a version of Cuckoo that's not compatible with this signature (either it's too old or too new): cuckoo=2.0.4a3 signature=powerworm minversion=2.0.4 maxversion=None\n", 
            "2017-07-25 18:31:27,068 [cuckoo.core.plugins] DEBUG: Running 425 signatures\n", 
            "2017-07-25 18:31:27,280 [cuckoo.core.plugins] DEBUG: Analysis matched signature: has_pdb\n"
        ]
    }, 
    "screenshots": [
        {
            "path": "/home/tempuser/.cuckoo/storage/analyses/12/shots/0001.jpg", 
            "ocr": ""
        }
    ], 
    "strings": [
        "!This program cannot be run in DOS mode.", 
        "(Rich`", 
        "`.rdata", 
        "@.data", 
        "@.reloc", 
        "C:\\Users\\aaron\\Documents\\Visual Studio 2015\\Projects\\lab4b\\Release\\lab4b.pdb", 
        ".text$mn", 
        ".idata$5", 
        ".00cfg", 
        ".CRT$XCA", 
        ".CRT$XCAA", 
        ".CRT$XCZ", 
        ".CRT$XIA", 
        ".CRT$XIAA", 
        ".CRT$XIAC", 
        ".CRT$XIZ", 
        ".CRT$XPA", 
        ".CRT$XPZ", 
        ".CRT$XTA", 
        ".CRT$XTZ", 
        ".rdata", 
        ".rdata$sxdata", 
        ".rdata$zzzdbg", 
        ".rtc$IAA", 
        ".rtc$IZZ", 
        ".rtc$TAA", 
        ".rtc$TZZ", 
        ".xdata$x", 
        ".idata$2", 
        ".idata$3", 
        ".idata$4", 
        ".idata$6", 
        ".rsrc$01", 
        ".rsrc$02", 
        "__telemetry_main_invoke_trigger", 
        "__telemetry_main_return_trigger", 
        "memset", 
        "_except_handler4_common", 
        "VCRUNTIME140.dll", 
        "__acrt_iob_func", 
        "__stdio_common_vfprintf", 
        "__stdio_common_vfscanf", 
        "_seh_filter_exe", 
        "_set_app_type", 
        "__setusermatherr", 
        "_configure_narrow_argv", 
        "_initialize_narrow_environment", 
        "_get_initial_narrow_environment", 
        "_initterm", 
        "_initterm_e", 
        "_set_fmode", 
        "__p___argc", 
        "__p___argv", 
        "_cexit", 
        "_c_exit", 
        "_register_thread_local_exe_atexit_callback", 
        "_configthreadlocale", 
        "_set_new_mode", 
        "__p__commode", 
        "_initialize_onexit_table", 
        "_register_onexit_function", 
        "_crt_atexit", 
        "_controlfp_s", 
        "terminate", 
        "api-ms-win-crt-stdio-l1-1-0.dll", 
        "api-ms-win-crt-runtime-l1-1-0.dll", 
        "api-ms-win-crt-math-l1-1-0.dll", 
        "api-ms-win-crt-locale-l1-1-0.dll", 
        "api-ms-win-crt-heap-l1-1-0.dll", 
        "UnhandledExceptionFilter", 
        "SetUnhandledExceptionFilter", 
        "GetCurrentProcess", 
        "TerminateProcess", 
        "IsProcessorFeaturePresent", 
        "QueryPerformanceCounter", 
        "GetCurrentProcessId", 
        "GetCurrentThreadId", 
        "GetSystemTimeAsFileTime", 
        "InitializeSListHead", 
        "IsDebuggerPresent", 
        "GetModuleHandleW", 
        "KERNEL32.dll", 
        "{ga1F_1auTca_eht_t0n_s!_s1hT}galf", 
        "Are you an adherent to the lord of sunlight?", 
        "You win!", 
        "RE Harder!", 
        "<?xml version='1.0' encoding='UTF-8' standalone='yes'?>", 
        "<assembly xmlns='urn:schemas-microsoft-com:asm.v1' manifestVersion='1.0'>", 
        "  <trustInfo xmlns=\"urn:schemas-microsoft-com:asm.v3\">", 
        "    <security>", 
        "      <requestedPrivileges>", 
        "        <requestedExecutionLevel level='asInvoker' uiAccess='false' />", 
        "      </requestedPrivileges>", 
        "    </security>", 
        "  </trustInfo>", 
        "</assembly>", 
        "0+0F0[0z0", 
        "3!3.3<4E4P4W4w4}4", 
        "5\"525B5K5", 
        "5+6>6Q6]6m6~6", 
        "6C7P7w7", 
        "8M8U8j8p8", 
        "9/:5:~:", 
        ":K;P;c;q;", 
        ";&</<7<~<", 
        "= =&=,=2=8=>=D=J=P=V=\\=b=h=n=t=z="
    ], 
    "metadata": {
        "output": {
            "pcap": {
                "basename": "dump.pcap", 
                "sha256": "e2988a8d129410c0be9aca8fbc1bcc7253f6cce31fdbd9e215c260e24c3ce3fa", 
                "dirname": ""
            }
        }
    }
}