{
    "info": {
        "added": 1501006213.424249, 
        "started": 1501006213.531431, 
        "duration": 44, 
        "ended": 1501006258.290495, 
        "owner": null, 
        "score": 0.4, 
        "id": 1, 
        "category": "file", 
        "git": {
            "head": "", 
            "fetch_head": ""
        }, 
        "monitor": "2bd01ede5c5258d5fce2e38bc58348a62c11ce33", 
        "package": "exe", 
        "route": "tor", 
        "custom": null, 
        "machine": {
            "status": "stopped", 
            "name": "cuckoo1", 
            "label": "cuckoo1", 
            "manager": "VirtualBox", 
            "started_on": "2017-07-25 18:10:13", 
            "shutdown_on": "2017-07-25 18:10:57"
        }, 
        "platform": null, 
        "version": "2.0.4a3", 
        "options": "procmemdump=yes,route=tor"
    }, 
    "procmemory": [
        {
            "regions": [
                {
                    "protect": "rw", 
                    "end": "0x00020000", 
                    "addr": "0x00010000", 
                    "offset": 24, 
                    "type": 262144, 
                    "size": 65536
                }, 
                {
                    "protect": "rw", 
                    "end": "0x00030000", 
                    "addr": "0x00020000", 
                    "offset": 65584, 
                    "type": 262144, 
                    "size": 65536
                }, 
                {
                    "protect": "rx", 
                    "end": "0x00031000", 
                    "addr": "0x00030000", 
                    "offset": 131144, 
                    "type": 131072, 
                    "size": 4096
                }, 
                {
                    "protect": "r", 
                    "end": "0x00041000", 
                    "addr": "0x00040000", 
                    "offset": 135264, 
                    "type": 16777216, 
                    "size": 4096
                }, 
                {
                    "protect": "rw", 
                    "end": "0x00090000", 
                    "addr": "0x0008c000", 
                    "offset": 139384, 
                    "type": 131072, 
                    "size": 16384
                }, 
                {
                    "protect": "rw", 
                    "end": "0x00190000", 
                    "addr": "0x0018e000", 
                    "offset": 155792, 
                    "type": 131072, 
                    "size": 8192
                }, 
                {
                    "protect": "r", 
                    "end": "0x00194000", 
                    "addr": "0x00190000", 
                    "offset": 164008, 
                    "type": 262144, 
                    "size": 16384
                }, 
                {
                    "protect": "rw", 
                    "end": "0x001a1000", 
                    "addr": "0x001a0000", 
                    "offset": 180416, 
                    "type": 131072, 
                    "size": 4096
                }, 
                {
                    "protect": "rwx", 
                    "end": "0x001b1000", 
                    "addr": "0x001b0000", 
                    "offset": 184536, 
                    "type": 131072, 
                    "size": 4096
                }, 
                {
                    "protect": "rwx", 
                    "end": "0x001c1000", 
                    "addr": "0x001c0000", 
                    "offset": 188656, 
                    "type": 131072, 
                    "size": 4096
                }, 
                {
                    "protect": "rwx", 
                    "end": "0x001d1000", 
                    "addr": "0x001d0000", 
                    "offset": 192776, 
                    "type": 131072, 
                    "size": 4096
                }, 
                {
                    "protect": "r", 
                    "end": "0x00247000", 
                    "addr": "0x001e0000", 
                    "offset": 196896, 
                    "type": 262144, 
                    "size": 421888
                }, 
                {
                    "protect": "rw", 
                    "end": "0x00251000", 
                    "addr": "0x00250000", 
                    "offset": 618808, 
                    "type": 131072, 
                    "size": 4096
                }, 
                {
                    "protect": "rw", 
                    "end": "0x00261000", 
                    "addr": "0x00260000", 
                    "offset": 622928, 
                    "type": 131072, 
                    "size": 4096
                }, 
                {
                    "protect": "rw", 
                    "end": "0x00271000", 
                    "addr": "0x00270000", 
                    "offset": 627048, 
                    "type": 131072, 
                    "size": 4096
                }, 
                {
                    "protect": "rw", 
                    "end": "0x00281000", 
                    "addr": "0x00280000", 
                    "offset": 631168, 
                    "type": 131072, 
                    "size": 4096
                }, 
                {
                    "protect": "rw", 
                    "end": "0x00294000", 
                    "addr": "0x00290000", 
                    "offset": 635288, 
                    "type": 131072, 
                    "size": 16384
                }, 
                {
                    "protect": "rw", 
                    "end": "0x002a4000", 
                    "addr": "0x002a0000", 
                    "offset": 651696, 
                    "type": 131072, 
                    "size": 16384
                }, 
                {
                    "protect": "rw", 
                    "end": "0x002c0000", 
                    "addr": "0x002b0000", 
                    "offset": 668104, 
                    "type": 131072, 
                    "size": 65536
                }, 
                {
                    "protect": "rwx", 
                    "end": "0x002c2000", 
                    "addr": "0x002c0000", 
                    "offset": 733664, 
                    "type": 131072, 
                    "size": 8192
                }, 
                {
                    "protect": "rw", 
                    "end": "0x002d1000", 
                    "addr": "0x002d0000", 
                    "offset": 741880, 
                    "type": 131072, 
                    "size": 4096
                }, 
                {
                    "protect": "rw", 
                    "end": "0x002e1000", 
                    "addr": "0x002e0000", 
                    "offset": 746000, 
                    "type": 131072, 
                    "size": 4096
                }, 
                {
                    "protect": "rwx", 
                    "end": "0x002f2000", 
                    "addr": "0x002f0000", 
                    "offset": 750120, 
                    "type": 131072, 
                    "size": 8192
                }, 
                {
                    "protect": "rw", 
                    "end": "0x00301000", 
                    "addr": "0x00300000", 
                    "offset": 758336, 
                    "type": 131072, 
                    "size": 4096
                }, 
                {
                    "protect": "rw", 
                    "end": "0x003d6000", 
                    "addr": "0x003d0000", 
                    "offset": 762456, 
                    "type": 131072, 
                    "size": 24576
                }, 
                {
                    "protect": "r", 
                    "end": "0x00401000", 
                    "addr": "0x00400000", 
                    "offset": 787056, 
                    "type": 16777216, 
                    "size": 4096
                }, 
                {
                    "protect": "rx", 
                    "end": "0x00402000", 
                    "addr": "0x00401000", 
                    "offset": 791176, 
                    "type": 16777216, 
                    "size": 4096
                }, 
                {
                    "protect": "r", 
                    "end": "0x00403000", 
                    "addr": "0x00402000", 
                    "offset": 795296, 
                    "type": 16777216, 
                    "size": 4096
                }, 
                {
                    "protect": "rw", 
                    "end": "0x00404000", 
                    "addr": "0x00403000", 
                    "offset": 799416, 
                    "type": 16777216, 
                    "size": 4096
                }, 
                {
                    "protect": "rw", 
                    "end": "0x005d6000", 
                    "addr": "0x005d0000", 
                    "offset": 803536, 
                    "type": 131072, 
                    "size": 24576
                }, 
                {
                    "protect": "rw", 
                    "end": "0x0083b000", 
                    "addr": "0x00810000", 
                    "offset": 828136, 
                    "type": 131072, 
                    "size": 176128
                }, 
                {
                    "protect": "r", 
                    "end": "0x63bc1000", 
                    "addr": "0x63bc0000", 
                    "offset": 1004288, 
                    "type": 16777216, 
                    "size": 4096
                }, 
                {
                    "protect": "rx", 
                    "end": "0x63bf8000", 
                    "addr": "0x63bc1000", 
                    "offset": 1008408, 
                    "type": 16777216, 
                    "size": 225280
                }, 
                {
                    "protect": "rw", 
                    "end": "0x63bf9000", 
                    "addr": "0x63bf8000", 
                    "offset": 1233712, 
                    "type": 16777216, 
                    "size": 4096
                }, 
                {
                    "protect": "rwc", 
                    "end": "0x63bff000", 
                    "addr": "0x63bf9000", 
                    "offset": 1237832, 
                    "type": 16777216, 
                    "size": 24576
                }, 
                {
                    "protect": "rw", 
                    "end": "0x63c06000", 
                    "addr": "0x63bff000", 
                    "offset": 1262432, 
                    "type": 16777216, 
                    "size": 28672
                }, 
                {
                    "protect": "rwc", 
                    "end": "0x63c08000", 
                    "addr": "0x63c06000", 
                    "offset": 1291128, 
                    "type": 16777216, 
                    "size": 8192
                }, 
                {
                    "protect": "rw", 
                    "end": "0x63c09000", 
                    "addr": "0x63c08000", 
                    "offset": 1299344, 
                    "type": 16777216, 
                    "size": 4096
                }, 
                {
                    "protect": "rwc", 
                    "end": "0x63c1d000", 
                    "addr": "0x63c09000", 
                    "offset": 1303464, 
                    "type": 16777216, 
                    "size": 81920
                }, 
                {
                    "protect": "rw", 
                    "end": "0x63c1e000", 
                    "addr": "0x63c1d000", 
                    "offset": 1385408, 
                    "type": 16777216, 
                    "size": 4096
                }, 
                {
                    "protect": "r", 
                    "end": "0x63c54000", 
                    "addr": "0x63c1e000", 
                    "offset": 1389528, 
                    "type": 16777216, 
                    "size": 221184
                }, 
                {
                    "protect": "rw", 
                    "end": "0x63c57000", 
                    "addr": "0x63c54000", 
                    "offset": 1610736, 
                    "type": 16777216, 
                    "size": 12288
                }, 
                {
                    "protect": "rwc", 
                    "end": "0x63c65000", 
                    "addr": "0x63c57000", 
                    "offset": 1623048, 
                    "type": 16777216, 
                    "size": 57344
                }, 
                {
                    "protect": "rw", 
                    "end": "0x63c77000", 
                    "addr": "0x63c65000", 
                    "offset": 1680416, 
                    "type": 16777216, 
                    "size": 73728
                }, 
                {
                    "protect": "rwc", 
                    "end": "0x63c86000", 
                    "addr": "0x63c77000", 
                    "offset": 1754168, 
                    "type": 16777216, 
                    "size": 61440
                }, 
                {
                    "protect": "rw", 
                    "end": "0x63cad000", 
                    "addr": "0x63c86000", 
                    "offset": 1815632, 
                    "type": 16777216, 
                    "size": 159744
                }, 
                {
                    "protect": "rwc", 
                    "end": "0x63dac000", 
                    "addr": "0x63cad000", 
                    "offset": 1975400, 
                    "type": 16777216, 
                    "size": 1044480
                }, 
                {
                    "protect": "rw", 
                    "end": "0x63dad000", 
                    "addr": "0x63dac000", 
                    "offset": 3019904, 
                    "type": 16777216, 
                    "size": 4096
                }, 
                {
                    "protect": "r", 
                    "end": "0x63db4000", 
                    "addr": "0x63dad000", 
                    "offset": 3024024, 
                    "type": 16777216, 
                    "size": 28672
                }, 
                {
                    "protect": "rw", 
                    "end": "0x63db5000", 
                    "addr": "0x63db4000", 
                    "offset": 3052720, 
                    "type": 16777216, 
                    "size": 4096
                }, 
                {
                    "protect": "rwc", 
                    "end": "0x63db7000", 
                    "addr": "0x63db5000", 
                    "offset": 3056840, 
                    "type": 16777216, 
                    "size": 8192
                }, 
                {
                    "protect": "r", 
                    "end": "0x63dbd000", 
                    "addr": "0x63db7000", 
                    "offset": 3065056, 
                    "type": 16777216, 
                    "size": 24576
                }, 
                {
                    "protect": "r", 
                    "end": "0x6ff51000", 
                    "addr": "0x6ff50000", 
                    "offset": 3089656, 
                    "type": 16777216, 
                    "size": 4096
                }, 
                {
                    "protect": "rx", 
                    "end": "0x6fff0000", 
                    "addr": "0x6ff51000", 
                    "offset": 3093776, 
                    "type": 16777216, 
                    "size": 651264
                }, 
                {
                    "protect": "rw", 
                    "end": "0x6fff1000", 
                    "addr": "0x6fff0000", 
                    "offset": 3745064, 
                    "type": 16777216, 
                    "size": 4096
                }, 
                {
                    "protect": "rwc", 
                    "end": "0x6fff2000", 
                    "addr": "0x6fff1000", 
                    "offset": 3749184, 
                    "type": 16777216, 
                    "size": 4096
                }, 
                {
                    "protect": "rw", 
                    "end": "0x6fff4000", 
                    "addr": "0x6fff2000", 
                    "offset": 3753304, 
                    "type": 16777216, 
                    "size": 8192
                }, 
                {
                    "protect": "rwc", 
                    "end": "0x6fff7000", 
                    "addr": "0x6fff4000", 
                    "offset": 3761520, 
                    "type": 16777216, 
                    "size": 12288
                }, 
                {
                    "protect": "r", 
                    "end": "0x6fffc000", 
                    "addr": "0x6fff7000", 
                    "offset": 3773832, 
                    "type": 16777216, 
                    "size": 20480
                }, 
                {
                    "protect": "r", 
                    "end": "0x78b61000", 
                    "addr": "0x78b60000", 
                    "offset": 3794336, 
                    "type": 16777216, 
                    "size": 4096
                }, 
                {
                    "protect": "rx", 
                    "end": "0x78b64000", 
                    "addr": "0x78b61000", 
                    "offset": 3798456, 
                    "type": 16777216, 
                    "size": 12288
                }, 
                {
                    "protect": "rw", 
                    "end": "0x78b65000", 
                    "addr": "0x78b64000", 
                    "offset": 3810768, 
                    "type": 16777216, 
                    "size": 4096
                }, 
                {
                    "protect": "r", 
                    "end": "0x78b68000", 
                    "addr": "0x78b65000", 
                    "offset": 3814888, 
                    "type": 16777216, 
                    "size": 12288
                }, 
                {
                    "protect": "r", 
                    "end": "0x78b71000", 
                    "addr": "0x78b70000", 
                    "offset": 3827200, 
                    "type": 16777216, 
                    "size": 4096
                }, 
                {
                    "protect": "rx", 
                    "end": "0x78bbe000", 
                    "addr": "0x78b71000", 
                    "offset": 3831320, 
                    "type": 16777216, 
                    "size": 315392
                }, 
                {
                    "protect": "rw", 
                    "end": "0x78bbf000", 
                    "addr": "0x78bbe000", 
                    "offset": 4146736, 
                    "type": 16777216, 
                    "size": 4096
                }, 
                {
                    "protect": "rwc", 
                    "end": "0x78bc2000", 
                    "addr": "0x78bbf000", 
                    "offset": 4150856, 
                    "type": 16777216, 
                    "size": 12288
                }, 
                {
                    "protect": "rw", 
                    "end": "0x78bc3000", 
                    "addr": "0x78bc2000", 
                    "offset": 4163168, 
                    "type": 16777216, 
                    "size": 4096
                }, 
                {
                    "protect": "r", 
                    "end": "0x78bcc000", 
                    "addr": "0x78bc3000", 
                    "offset": 4167288, 
                    "type": 16777216, 
                    "size": 36864
                }, 
                {
                    "protect": "r", 
                    "end": "0x78bd1000", 
                    "addr": "0x78bd0000", 
                    "offset": 4204176, 
                    "type": 16777216, 
                    "size": 4096
                }, 
                {
                    "protect": "rx", 
                    "end": "0x78c09000", 
                    "addr": "0x78bd1000", 
                    "offset": 4208296, 
                    "type": 16777216, 
                    "size": 229376
                }, 
                {
                    "protect": "rw", 
                    "end": "0x78c0b000", 
                    "addr": "0x78c09000", 
                    "offset": 4437696, 
                    "type": 16777216, 
                    "size": 8192
                }, 
                {
                    "protect": "r", 
                    "end": "0x78c0f000", 
                    "addr": "0x78c0b000", 
                    "offset": 4445912, 
                    "type": 16777216, 
                    "size": 16384
                }, 
                {
                    "protect": "r", 
                    "end": "0x78e51000", 
                    "addr": "0x78e50000", 
                    "offset": 4462320, 
                    "type": 16777216, 
                    "size": 4096
                }, 
                {
                    "protect": "rx", 
                    "end": "0x78f53000", 
                    "addr": "0x78e51000", 
                    "offset": 4466440, 
                    "type": 16777216, 
                    "size": 1056768
                }, 
                {
                    "protect": "r", 
                    "end": "0x78f82000", 
                    "addr": "0x78f53000", 
                    "offset": 5523232, 
                    "type": 16777216, 
                    "size": 192512
                }, 
                {
                    "protect": "rw", 
                    "end": "0x78f83000", 
                    "addr": "0x78f82000", 
                    "offset": 5715768, 
                    "type": 16777216, 
                    "size": 4096
                }, 
                {
                    "protect": "rwc", 
                    "end": "0x78f84000", 
                    "addr": "0x78f83000", 
                    "offset": 5719888, 
                    "type": 16777216, 
                    "size": 4096
                }, 
                {
                    "protect": "rw", 
                    "end": "0x78f85000", 
                    "addr": "0x78f84000", 
                    "offset": 5724008, 
                    "type": 16777216, 
                    "size": 4096
                }, 
                {
                    "protect": "rwc", 
                    "end": "0x78f87000", 
                    "addr": "0x78f85000", 
                    "offset": 5728128, 
                    "type": 16777216, 
                    "size": 8192
                }, 
                {
                    "protect": "rw", 
                    "end": "0x78f88000", 
                    "addr": "0x78f87000", 
                    "offset": 5736344, 
                    "type": 16777216, 
                    "size": 4096
                }, 
                {
                    "protect": "rwc", 
                    "end": "0x78f89000", 
                    "addr": "0x78f88000", 
                    "offset": 5740464, 
                    "type": 16777216, 
                    "size": 4096
                }, 
                {
                    "protect": "rw", 
                    "end": "0x78f8b000", 
                    "addr": "0x78f89000", 
                    "offset": 5744584, 
                    "type": 16777216, 
                    "size": 8192
                }, 
                {
                    "protect": "rwc", 
                    "end": "0x78f8e000", 
                    "addr": "0x78f8b000", 
                    "offset": 5752800, 
                    "type": 16777216, 
                    "size": 12288
                }, 
                {
                    "protect": "r", 
                    "end": "0x78ff9000", 
                    "addr": "0x78f8e000", 
                    "offset": 5765112, 
                    "type": 16777216, 
                    "size": 438272
                }, 
                {
                    "protect": "r", 
                    "end": "0x7d851000", 
                    "addr": "0x7d850000", 
                    "offset": 6203408, 
                    "type": 16777216, 
                    "size": 4096
                }, 
                {
                    "protect": "rx", 
                    "end": "0x7d891000", 
                    "addr": "0x7d851000", 
                    "offset": 6207528, 
                    "type": 16777216, 
                    "size": 262144
                }, 
                {
                    "protect": "rw", 
                    "end": "0x7d893000", 
                    "addr": "0x7d891000", 
                    "offset": 6469696, 
                    "type": 16777216, 
                    "size": 8192
                }, 
                {
                    "protect": "r", 
                    "end": "0x7d897000", 
                    "addr": "0x7d893000", 
                    "offset": 6477912, 
                    "type": 16777216, 
                    "size": 16384
                }, 
                {
                    "protect": "r", 
                    "end": "0x7dd70000", 
                    "addr": "0x7dd60000", 
                    "offset": 6494320, 
                    "type": 16777216, 
                    "size": 65536
                }, 
                {
                    "protect": "rx", 
                    "end": "0x7de31000", 
                    "addr": "0x7dd70000", 
                    "offset": 6559880, 
                    "type": 16777216, 
                    "size": 790528
                }, 
                {
                    "protect": "rw", 
                    "end": "0x7de41000", 
                    "addr": "0x7de40000", 
                    "offset": 7350432, 
                    "type": 16777216, 
                    "size": 4096
                }, 
                {
                    "protect": "rwc", 
                    "end": "0x7de42000", 
                    "addr": "0x7de41000", 
                    "offset": 7354552, 
                    "type": 16777216, 
                    "size": 4096
                }, 
                {
                    "protect": "r", 
                    "end": "0x7de51000", 
                    "addr": "0x7de50000", 
                    "offset": 7358672, 
                    "type": 16777216, 
                    "size": 4096
                }, 
                {
                    "protect": "r", 
                    "end": "0x7de6b000", 
                    "addr": "0x7de60000", 
                    "offset": 7362792, 
                    "type": 16777216, 
                    "size": 45056
                }, 
                {
                    "protect": "r", 
                    "end": "0x7de71000", 
                    "addr": "0x7de70000", 
                    "offset": 7407872, 
                    "type": 16777216, 
                    "size": 4096
                }, 
                {
                    "protect": "rx", 
                    "end": "0x7df56000", 
                    "addr": "0x7de80000", 
                    "offset": 7411992, 
                    "type": 16777216, 
                    "size": 876544
                }, 
                {
                    "protect": "rx", 
                    "end": "0x7df61000", 
                    "addr": "0x7df60000", 
                    "offset": 8288560, 
                    "type": 16777216, 
                    "size": 4096
                }, 
                {
                    "protect": "rw", 
                    "end": "0x7df71000", 
                    "addr": "0x7df70000", 
                    "offset": 8292680, 
                    "type": 16777216, 
                    "size": 4096
                }, 
                {
                    "protect": "rwc", 
                    "end": "0x7df72000", 
                    "addr": "0x7df71000", 
                    "offset": 8296800, 
                    "type": 16777216, 
                    "size": 4096
                }, 
                {
                    "protect": "rw", 
                    "end": "0x7df73000", 
                    "addr": "0x7df72000", 
                    "offset": 8300920, 
                    "type": 16777216, 
                    "size": 4096
                }, 
                {
                    "protect": "rwc", 
                    "end": "0x7df74000", 
                    "addr": "0x7df73000", 
                    "offset": 8305040, 
                    "type": 16777216, 
                    "size": 4096
                }, 
                {
                    "protect": "rw", 
                    "end": "0x7df77000", 
                    "addr": "0x7df74000", 
                    "offset": 8309160, 
                    "type": 16777216, 
                    "size": 12288
                }, 
                {
                    "protect": "rwc", 
                    "end": "0x7df79000", 
                    "addr": "0x7df77000", 
                    "offset": 8321472, 
                    "type": 16777216, 
                    "size": 8192
                }, 
                {
                    "protect": "r", 
                    "end": "0x7dfd7000", 
                    "addr": "0x7df80000", 
                    "offset": 8329688, 
                    "type": 16777216, 
                    "size": 356352
                }, 
                {
                    "protect": "r", 
                    "end": "0x7dfe5000", 
                    "addr": "0x7dfe0000", 
                    "offset": 8686064, 
                    "type": 16777216, 
                    "size": 20480
                }, 
                {
                    "protect": "r", 
                    "end": "0x7efd3000", 
                    "addr": "0x7efb0000", 
                    "offset": 8706568, 
                    "type": 262144, 
                    "size": 143360
                }, 
                {
                    "protect": "rw", 
                    "end": "0x7efde000", 
                    "addr": "0x7efdb000", 
                    "offset": 8849952, 
                    "type": 131072, 
                    "size": 12288
                }, 
                {
                    "protect": "rw", 
                    "end": "0x7efdf000", 
                    "addr": "0x7efde000", 
                    "offset": 8862264, 
                    "type": 131072, 
                    "size": 4096
                }, 
                {
                    "protect": "rw", 
                    "end": "0x7efe0000", 
                    "addr": "0x7efdf000", 
                    "offset": 8866384, 
                    "type": 131072, 
                    "size": 4096
                }, 
                {
                    "protect": "r", 
                    "end": "0x7efe5000", 
                    "addr": "0x7efe0000", 
                    "offset": 8870504, 
                    "type": 262144, 
                    "size": 20480
                }, 
                {
                    "protect": "r", 
                    "end": "0x7ffe1000", 
                    "addr": "0x7ffe0000", 
                    "offset": 8891008, 
                    "type": 131072, 
                    "size": 4096
                }
            ], 
            "yara": [], 
            "num": 1, 
            "file": "/home/tempuser/.cuckoo/storage/analyses/1/memory/2416-1.dmp", 
            "urls": [], 
            "extracted": [
                {
                    "yara": [], 
                    "sha1": "bee476c4b77babff3a8c375d6e5308f9a2e146a2", 
                    "name": "2416-bee476c4b77babff.exe_", 
                    "type": "PE32 executable (console) Intel 80386, for MS Windows", 
                    "sha256": "8075e5432f2c23fdfa6db99782001ec6c305f992bf88278a81a36a52ffc00860", 
                    "urls": [], 
                    "crc32": "39B4B522", 
                    "path": "/home/tempuser/.cuckoo/storage/analyses/1/memory/2416-bee476c4b77babff.exe_", 
                    "ssdeep": null, 
                    "size": 20480, 
                    "sha512": "297793ac616e8c92e1c4e49854d2ed078e77a605be85f982006688a2b56e604054d7dd99c28fba4ba8537dbb38945205fafd74a451d04faf0add7155dc87fd2a", 
                    "md5": "93f5a006e48a792beff0de1d7086174d"
                }
            ], 
            "pid": 2416
        }
    ], 
    "target": {
        "category": "file", 
        "file": {
            "yara": [], 
            "sha1": "b49e42d62a46dcf2239871a51ff200047626c6d2", 
            "name": "Lab15-01.exe", 
            "type": "PE32 executable (console) Intel 80386, for MS Windows", 
            "sha256": "1120d5ee34d2cd4519ea551cd4c8b1544b9a5993aba33774ffc854cec34001e1", 
            "urls": [], 
            "crc32": "940294E8", 
            "path": "/home/tempuser/.cuckoo/storage/binaries/1120d5ee34d2cd4519ea551cd4c8b1544b9a5993aba33774ffc854cec34001e1", 
            "ssdeep": null, 
            "size": 16384, 
            "sha512": "ab174595d57fc171d382b48f2de54eae6115ecfdd07cef0141b0ad93bbd67d236875e7a9ad15e3b61f84895b496ca6a640bde4c916dc288d6de37c9a4eeffeef", 
            "md5": "96445ed6ebc49220d3fa9acf5eb7f279"
        }
    }, 
    "network": {
        "tls": [], 
        "udp": [
            {
                "src": "192.168.56.101", 
                "dst": "192.168.56.255", 
                "offset": 1010, 
                "time": 3.283921957015991, 
                "dport": 137, 
                "sport": 137
            }, 
            {
                "src": "192.168.56.101", 
                "dst": "224.0.0.252", 
                "offset": 3013, 
                "time": 3.2155189514160156, 
                "dport": 5355, 
                "sport": 53182
            }, 
            {
                "src": "192.168.56.101", 
                "dst": "224.0.0.252", 
                "offset": 3373, 
                "time": 1.5059468746185303, 
                "dport": 5355, 
                "sport": 56928
            }, 
            {
                "src": "192.168.56.101", 
                "dst": "224.0.0.252", 
                "offset": 3701, 
                "time": 1.2140958309173584, 
                "dport": 5355, 
                "sport": 57887
            }, 
            {
                "src": "192.168.56.101", 
                "dst": "224.0.0.252", 
                "offset": 4061, 
                "time": 3.218502998352051, 
                "dport": 5355, 
                "sport": 61297
            }, 
            {
                "src": "192.168.56.101", 
                "dst": "224.0.0.252", 
                "offset": 4389, 
                "time": 2.2919509410858154, 
                "dport": 5355, 
                "sport": 62503
            }, 
            {
                "src": "192.168.56.101", 
                "dst": "8.8.8.8", 
                "offset": 4709, 
                "time": 2.6130359172821045, 
                "dport": 53, 
                "sport": 50761
            }, 
            {
                "src": "192.168.56.101", 
                "dst": "8.8.8.8", 
                "offset": 4909, 
                "time": 2.972019910812378, 
                "dport": 53, 
                "sport": 55392
            }, 
            {
                "src": "192.168.56.101", 
                "dst": "8.8.8.8", 
                "offset": 5093, 
                "time": 2.3666608333587646, 
                "dport": 53, 
                "sport": 59155
            }, 
            {
                "src": "192.168.56.101", 
                "dst": "8.8.8.8", 
                "offset": 5293, 
                "time": 3.2190818786621094, 
                "dport": 53, 
                "sport": 60283
            }
        ], 
        "dns_servers": [
            "8.8.8.8"
        ], 
        "http": [
            {
                "count": 1, 
                "body": "", 
                "uri": "http://www.msftncsi.com/ncsi.txt", 
                "user-agent": "Microsoft NCSI", 
                "method": "GET", 
                "host": "www.msftncsi.com", 
                "version": "1.1", 
                "path": "/ncsi.txt", 
                "data": "GET /ncsi.txt HTTP/1.1\r\nConnection: Close\r\nUser-Agent: Microsoft NCSI\r\nHost: www.msftncsi.com\r\n\r\n", 
                "port": 80
            }
        ], 
        "icmp": [], 
        "smtp": [], 
        "tcp": [
            {
                "src": "192.168.56.101", 
                "dst": "213.144.137.138", 
                "offset": 2216, 
                "time": 3.0556750297546387, 
                "dport": 80, 
                "sport": 49163
            }
        ], 
        "smtp_ex": [], 
        "mitm": [], 
        "hosts": [
            "213.144.137.138", 
            "8.8.8.8"
        ], 
        "pcap_sha256": "9f24f6bb6b9f79f773a38dc226f7ce9ad42167e5f3f76a842f949a4696859410", 
        "dns": [
            {
                "type": "A", 
                "request": "www.msftncsi.com", 
                "answers": [
                    {
                        "data": "213.144.137.138", 
                        "type": "A"
                    }
                ]
            }, 
            {
                "type": "A", 
                "request": "dns.msftncsi.com", 
                "answers": [
                    {
                        "data": "131.107.255.255", 
                        "type": "A"
                    }
                ]
            }, 
            {
                "type": "AAAA", 
                "request": "dns.msftncsi.com", 
                "answers": []
            }, 
            {
                "type": "A", 
                "request": "teredo.ipv6.microsoft.com", 
                "answers": []
            }
        ], 
        "http_ex": [
            {
                "status": 0, 
                "src": "192.168.56.101", 
                "resp": {
                    "path": "/home/tempuser/.cuckoo/storage/analyses/1/network/da39a3ee5e6b4b0d3255bfef95601890afd80709", 
                    "sha1": "da39a3ee5e6b4b0d3255bfef95601890afd80709", 
                    "md5": "d41d8cd98f00b204e9800998ecf8427e"
                }, 
                "sha1": "da39a3ee5e6b4b0d3255bfef95601890afd80709", 
                "protocol": "http", 
                "dst": "213.144.137.138", 
                "req": {
                    "path": "/home/tempuser/.cuckoo/storage/analyses/1/network/da39a3ee5e6b4b0d3255bfef95601890afd80709", 
                    "sha1": "da39a3ee5e6b4b0d3255bfef95601890afd80709", 
                    "md5": "d41d8cd98f00b204e9800998ecf8427e"
                }, 
                "request": "GET /ncsi.txt HTTP/1.1\r\nConnection: Close\r\nUser-Agent: Microsoft NCSI\r\nHost: www.msftncsi.com", 
                "uri": "/ncsi.txt", 
                "response": "", 
                "host": "www.msftncsi.com", 
                "dport": 80, 
                "path": "/home/tempuser/.cuckoo/storage/analyses/1/network/da39a3ee5e6b4b0d3255bfef95601890afd80709", 
                "sport": 49163, 
                "method": "GET", 
                "md5": "d41d8cd98f00b204e9800998ecf8427e"
            }
        ], 
        "domains": [
            {
                "ip": "23.215.130.179", 
                "domain": "www.msftncsi.com"
            }, 
            {
                "ip": "131.107.255.255", 
                "domain": "dns.msftncsi.com"
            }, 
            {
                "ip": "94.245.121.251", 
                "domain": "teredo.ipv6.microsoft.com"
            }
        ], 
        "dead_hosts": [], 
        "sorted_pcap_sha256": "24b2561abfaaa056cd1bfa0955856f17be08665cfc384c8a78afffd859275946", 
        "irc": [], 
        "https_ex": []
    }, 
    "signatures": [
        {
            "markcount": 1, 
            "families": [], 
            "description": "Performs some HTTP requests", 
            "severity": 2, 
            "marks": [
                {
                    "category": "request", 
                    "ioc": "GET http://www.msftncsi.com/ncsi.txt", 
                    "type": "ioc", 
                    "description": null
                }
            ], 
            "references": [], 
            "name": "network_http"
        }
    ], 
    "static": {
        "pdb_path": null, 
        "pe_imports": [
            {
                "imports": [
                    {
                        "name": "printf", 
                        "address": "0x402000"
                    }, 
                    {
                        "name": "_exit", 
                        "address": "0x402004"
                    }, 
                    {
                        "name": "_XcptFilter", 
                        "address": "0x402008"
                    }, 
                    {
                        "name": "exit", 
                        "address": "0x40200c"
                    }, 
                    {
                        "name": "__p___initenv", 
                        "address": "0x402010"
                    }, 
                    {
                        "name": "__getmainargs", 
                        "address": "0x402014"
                    }, 
                    {
                        "name": "_initterm", 
                        "address": "0x402018"
                    }, 
                    {
                        "name": "__setusermatherr", 
                        "address": "0x40201c"
                    }, 
                    {
                        "name": "_adjust_fdiv", 
                        "address": "0x402020"
                    }, 
                    {
                        "name": "__p__commode", 
                        "address": "0x402024"
                    }, 
                    {
                        "name": "__p__fmode", 
                        "address": "0x402028"
                    }, 
                    {
                        "name": "__set_app_type", 
                        "address": "0x40202c"
                    }, 
                    {
                        "name": "_except_handler3", 
                        "address": "0x402030"
                    }, 
                    {
                        "name": "_controlfp", 
                        "address": "0x402034"
                    }
                ], 
                "dll": "MSVCRT.dll"
            }
        ], 
        "peid_signatures": [
            "Armadillo v1.71"
        ], 
        "keys": [], 
        "signature": [], 
        "pe_timestamp": "2011-02-04 15:22:33", 
        "pe_exports": [], 
        "imported_dll_count": 1, 
        "pe_imphash": "949ea85576c6aa5e51079e8a0d0d3242", 
        "pe_resources": [], 
        "pe_versioninfo": [], 
        "pe_sections": [
            {
                "size_of_data": "0x00001000", 
                "virtual_address": "0x00001000", 
                "entropy": 0.9581403627368807, 
                "name": ".text", 
                "virtual_size": "0x000001bc"
            }, 
            {
                "size_of_data": "0x00001000", 
                "virtual_address": "0x00002000", 
                "entropy": 0.6452869678681907, 
                "name": ".rdata", 
                "virtual_size": "0x00000186"
            }, 
            {
                "size_of_data": "0x00001000", 
                "virtual_address": "0x00003000", 
                "entropy": 0.09446880743980651, 
                "name": ".data", 
                "virtual_size": "0x0000005c"
            }
        ]
    }, 
    "behavior": {
        "generic": [
            {
                "process_path": "C:\\Users\\Administrator\\AppData\\Local\\Temp\\Lab15-01.exe", 
                "process_name": "Lab15-01.exe", 
                "pid": 2416, 
                "summary": {}, 
                "first_seen": 1501002613.875, 
                "ppid": 2388
            }, 
            {
                "process_path": "C:\\Windows\\System32\\lsass.exe", 
                "process_name": "lsass.exe", 
                "pid": 460, 
                "summary": {}, 
                "first_seen": 1501002613.609375, 
                "ppid": 352
            }
        ], 
        "apistats": {
            "2416": {
                "WriteConsoleA": 1, 
                "LdrGetDllHandle": 2, 
                "NtTerminateProcess": 3
            }
        }, 
        "processes": [
            {
                "process_path": "C:\\Windows\\System32\\lsass.exe", 
                "calls": [], 
                "track": false, 
                "pid": 460, 
                "process_name": "lsass.exe", 
                "command_line": "C:\\Windows\\system32\\lsass.exe", 
                "modules": [
                    {
                        "basename": "lsass.exe", 
                        "imgsize": 49152, 
                        "baseaddr": "0x100000000", 
                        "filepath": "C:\\Windows\\system32\\lsass.exe"
                    }, 
                    {
                        "basename": "ntdll.dll", 
                        "imgsize": 1740800, 
                        "baseaddr": "0x78e50000", 
                        "filepath": "C:\\Windows\\SYSTEM32\\ntdll.dll"
                    }, 
                    {
                        "basename": "kernel32.dll", 
                        "imgsize": 1175552, 
                        "baseaddr": "0x78d20000", 
                        "filepath": "C:\\Windows\\system32\\kernel32.dll"
                    }, 
                    {
                        "basename": "KERNELBASE.dll", 
                        "imgsize": 438272, 
                        "baseaddr": "0x7ff38880000", 
                        "filepath": "C:\\Windows\\system32\\KERNELBASE.dll"
                    }, 
                    {
                        "basename": "msvcrt.dll", 
                        "imgsize": 651264, 
                        "baseaddr": "0x7ff756a0000", 
                        "filepath": "C:\\Windows\\system32\\msvcrt.dll"
                    }, 
                    {
                        "basename": "RPCRT4.dll", 
                        "imgsize": 1232896, 
                        "baseaddr": "0x7ff7fde0000", 
                        "filepath": "C:\\Windows\\system32\\RPCRT4.dll"
                    }, 
                    {
                        "basename": "SspiSrv.dll", 
                        "imgsize": 45056, 
                        "baseaddr": "0x7ff254b0000", 
                        "filepath": "C:\\Windows\\system32\\SspiSrv.dll"
                    }, 
                    {
                        "basename": "lsasrv.dll", 
                        "imgsize": 1470464, 
                        "baseaddr": "0x7ff7d000000", 
                        "filepath": "C:\\Windows\\system32\\lsasrv.dll"
                    }, 
                    {
                        "basename": "sechost.dll", 
                        "imgsize": 126976, 
                        "baseaddr": "0x7ff2d2e0000", 
                        "filepath": "C:\\Windows\\SYSTEM32\\sechost.dll"
                    }, 
                    {
                        "basename": "SspiCli.dll", 
                        "imgsize": 151552, 
                        "baseaddr": "0x7ff2c960000", 
                        "filepath": "C:\\Windows\\system32\\SspiCli.dll"
                    }, 
                    {
                        "basename": "ADVAPI32.dll", 
                        "imgsize": 897024, 
                        "baseaddr": "0x7ff7ff10000", 
                        "filepath": "C:\\Windows\\system32\\ADVAPI32.dll"
                    }, 
                    {
                        "basename": "USER32.dll", 
                        "imgsize": 1024000, 
                        "baseaddr": "0x78c20000", 
                        "filepath": "C:\\Windows\\system32\\USER32.dll"
                    }, 
                    {
                        "basename": "GDI32.dll", 
                        "imgsize": 421888, 
                        "baseaddr": "0x7ff7fd70000", 
                        "filepath": "C:\\Windows\\system32\\GDI32.dll"
                    }, 
                    {
                        "basename": "LPK.dll", 
                        "imgsize": 57344, 
                        "baseaddr": "0x7ff70410000", 
                        "filepath": "C:\\Windows\\system32\\LPK.dll"
                    }, 
                    {
                        "basename": "USP10.dll", 
                        "imgsize": 823296, 
                        "baseaddr": "0x7ff760c0000", 
                        "filepath": "C:\\Windows\\system32\\USP10.dll"
                    }, 
                    {
                        "basename": "SAMSRV.dll", 
                        "imgsize": 774144, 
                        "baseaddr": "0x7ff75b40000", 
                        "filepath": "C:\\Windows\\system32\\SAMSRV.dll"
                    }, 
                    {
                        "basename": "cryptdll.dll", 
                        "imgsize": 81920, 
                        "baseaddr": "0x7ff710b0000", 
                        "filepath": "C:\\Windows\\system32\\cryptdll.dll"
                    }, 
                    {
                        "basename": "MSASN1.dll", 
                        "imgsize": 61440, 
                        "baseaddr": "0x7ff70ca0000", 
                        "filepath": "C:\\Windows\\system32\\MSASN1.dll"
                    }, 
                    {
                        "basename": "wevtapi.dll", 
                        "imgsize": 446464, 
                        "baseaddr": "0x7ff739d0000", 
                        "filepath": "C:\\Windows\\system32\\wevtapi.dll"
                    }, 
                    {
                        "basename": "IMM32.DLL", 
                        "imgsize": 188416, 
                        "baseaddr": "0x7ff718f0000", 
                        "filepath": "C:\\Windows\\system32\\IMM32.DLL"
                    }, 
                    {
                        "basename": "MSCTF.dll", 
                        "imgsize": 1085440, 
                        "baseaddr": "0x7ff774b0000", 
                        "filepath": "C:\\Windows\\system32\\MSCTF.dll"
                    }, 
                    {
                        "basename": "cngaudit.dll", 
                        "imgsize": 36864, 
                        "baseaddr": "0x7ff268a0000", 
                        "filepath": "C:\\Windows\\system32\\cngaudit.dll"
                    }, 
                    {
                        "basename": "AUTHZ.dll", 
                        "imgsize": 192512, 
                        "baseaddr": "0x7ff73000000", 
                        "filepath": "C:\\Windows\\system32\\AUTHZ.dll"
                    }, 
                    {
                        "basename": "ncrypt.dll", 
                        "imgsize": 319488, 
                        "baseaddr": "0x7ff729d0000", 
                        "filepath": "C:\\Windows\\system32\\ncrypt.dll"
                    }, 
                    {
                        "basename": "bcrypt.dll", 
                        "imgsize": 139264, 
                        "baseaddr": "0x7ff71ad0000", 
                        "filepath": "C:\\Windows\\system32\\bcrypt.dll"
                    }, 
                    {
                        "basename": "msprivs.DLL", 
                        "imgsize": 8192, 
                        "baseaddr": "0x2a0000", 
                        "filepath": "C:\\Windows\\system32\\msprivs.DLL"
                    }, 
                    {
                        "basename": "netjoin.dll", 
                        "imgsize": 204800, 
                        "baseaddr": "0x7ff313c0000", 
                        "filepath": "C:\\Windows\\system32\\netjoin.dll"
                    }, 
                    {
                        "basename": "negoexts.DLL", 
                        "imgsize": 147456, 
                        "baseaddr": "0x7ff2da20000", 
                        "filepath": "C:\\Windows\\system32\\negoexts.DLL"
                    }, 
                    {
                        "basename": "Secur32.dll", 
                        "imgsize": 45056, 
                        "baseaddr": "0x7ff70200000", 
                        "filepath": "C:\\Windows\\system32\\Secur32.dll"
                    }, 
                    {
                        "basename": "cryptbase.dll", 
                        "imgsize": 61440, 
                        "baseaddr": "0x7ff2ade0000", 
                        "filepath": "C:\\Windows\\system32\\cryptbase.dll"
                    }, 
                    {
                        "basename": "kerberos.DLL", 
                        "imgsize": 737280, 
                        "baseaddr": "0x7ff75e80000", 
                        "filepath": "C:\\Windows\\system32\\kerberos.DLL"
                    }, 
                    {
                        "basename": "CRYPTSP.dll", 
                        "imgsize": 94208, 
                        "baseaddr": "0x7ff2ada0000", 
                        "filepath": "C:\\Windows\\system32\\CRYPTSP.dll"
                    }, 
                    {
                        "basename": "WS2_32.dll", 
                        "imgsize": 315392, 
                        "baseaddr": "0x7ff724e0000", 
                        "filepath": "C:\\Windows\\system32\\WS2_32.dll"
                    }, 
                    {
                        "basename": "NSI.dll", 
                        "imgsize": 32768, 
                        "baseaddr": "0x7ff70310000", 
                        "filepath": "C:\\Windows\\system32\\NSI.dll"
                    }, 
                    {
                        "basename": "mswsock.dll", 
                        "imgsize": 348160, 
                        "baseaddr": "0x7ff734a0000", 
                        "filepath": "C:\\Windows\\system32\\mswsock.dll"
                    }, 
                    {
                        "basename": "wship6.dll", 
                        "imgsize": 28672, 
                        "baseaddr": "0x7ff70060000", 
                        "filepath": "C:\\Windows\\System32\\wship6.dll"
                    }, 
                    {
                        "basename": "msv1_0.DLL", 
                        "imgsize": 331776, 
                        "baseaddr": "0x7ff73500000", 
                        "filepath": "C:\\Windows\\system32\\msv1_0.DLL"
                    }, 
                    {
                        "basename": "netlogon.DLL", 
                        "imgsize": 712704, 
                        "baseaddr": "0x7ff755f0000", 
                        "filepath": "C:\\Windows\\system32\\netlogon.DLL"
                    }, 
                    {
                        "basename": "DNSAPI.dll", 
                        "imgsize": 372736, 
                        "baseaddr": "0x7ff73740000", 
                        "filepath": "C:\\Windows\\system32\\DNSAPI.dll"
                    }, 
                    {
                        "basename": "logoncli.dll", 
                        "imgsize": 196608, 
                        "baseaddr": "0x7ff31ac0000", 
                        "filepath": "C:\\Windows\\system32\\logoncli.dll"
                    }, 
                    {
                        "basename": "schannel.DLL", 
                        "imgsize": 356352, 
                        "baseaddr": "0x7ff73160000", 
                        "filepath": "C:\\Windows\\system32\\schannel.DLL"
                    }, 
                    {
                        "basename": "CRYPT32.dll", 
                        "imgsize": 1470464, 
                        "baseaddr": "0x7ff7fc00000", 
                        "filepath": "C:\\Windows\\system32\\CRYPT32.dll"
                    }, 
                    {
                        "basename": "wdigest.DLL", 
                        "imgsize": 221184, 
                        "baseaddr": "0x7ff71d40000", 
                        "filepath": "C:\\Windows\\system32\\wdigest.DLL"
                    }, 
                    {
                        "basename": "rsaenh.dll", 
                        "imgsize": 290816, 
                        "baseaddr": "0x7ff330e0000", 
                        "filepath": "C:\\Windows\\system32\\rsaenh.dll"
                    }, 
                    {
                        "basename": "tspkg.DLL", 
                        "imgsize": 98304, 
                        "baseaddr": "0x7ff70780000", 
                        "filepath": "C:\\Windows\\system32\\tspkg.DLL"
                    }, 
                    {
                        "basename": "pku2u.DLL", 
                        "imgsize": 282624, 
                        "baseaddr": "0x7ff333b0000", 
                        "filepath": "C:\\Windows\\system32\\pku2u.DLL"
                    }, 
                    {
                        "basename": "bcryptprimitives.dll", 
                        "imgsize": 311296, 
                        "baseaddr": "0x7ff67c00000", 
                        "filepath": "C:\\Windows\\system32\\bcryptprimitives.dll"
                    }, 
                    {
                        "basename": "RpcRtRemote.dll", 
                        "imgsize": 81920, 
                        "baseaddr": "0x7ff285e0000", 
                        "filepath": "C:\\Windows\\system32\\RpcRtRemote.dll"
                    }, 
                    {
                        "basename": "efslsaext.dll", 
                        "imgsize": 73728, 
                        "baseaddr": "0x7ff2a940000", 
                        "filepath": "C:\\Windows\\system32\\efslsaext.dll"
                    }, 
                    {
                        "basename": "scecli.DLL", 
                        "imgsize": 253952, 
                        "baseaddr": "0x7ff71fc0000", 
                        "filepath": "C:\\Windows\\system32\\scecli.DLL"
                    }, 
                    {
                        "basename": "credssp.dll", 
                        "imgsize": 40960, 
                        "baseaddr": "0x7ff7a400000", 
                        "filepath": "C:\\Windows\\system32\\credssp.dll"
                    }, 
                    {
                        "basename": "WINSTA.dll", 
                        "imgsize": 249856, 
                        "baseaddr": "0x7ff71c00000", 
                        "filepath": "C:\\Windows\\system32\\WINSTA.dll"
                    }, 
                    {
                        "basename": "IPHLPAPI.DLL", 
                        "imgsize": 159744, 
                        "baseaddr": "0x7ff71890000", 
                        "filepath": "C:\\Windows\\system32\\IPHLPAPI.DLL"
                    }, 
                    {
                        "basename": "WINNSI.DLL", 
                        "imgsize": 45056, 
                        "baseaddr": "0x7ff700a0000", 
                        "filepath": "C:\\Windows\\system32\\WINNSI.DLL"
                    }, 
                    {
                        "basename": "netutils.dll", 
                        "imgsize": 49152, 
                        "baseaddr": "0x7ff25b00000", 
                        "filepath": "C:\\Windows\\system32\\netutils.dll"
                    }, 
                    {
                        "basename": "USERENV.dll", 
                        "imgsize": 122880, 
                        "baseaddr": "0x7ff70720000", 
                        "filepath": "C:\\Windows\\system32\\USERENV.dll"
                    }, 
                    {
                        "basename": "profapi.dll", 
                        "imgsize": 61440, 
                        "baseaddr": "0x7ff28800000", 
                        "filepath": "C:\\Windows\\system32\\profapi.dll"
                    }, 
                    {
                        "basename": "wshtcpip.dll", 
                        "imgsize": 28672, 
                        "baseaddr": "0x7ff70030000", 
                        "filepath": "C:\\Windows\\System32\\wshtcpip.dll"
                    }, 
                    {
                        "basename": "monitor-x64.dll", 
                        "imgsize": 2224128, 
                        "baseaddr": "0x65a80000", 
                        "filepath": "C:\\tmpmedxdr\\bin\\monitor-x64.dll"
                    }
                ], 
                "time": 0, 
                "tid": 2336, 
                "first_seen": 1501002613.609375, 
                "ppid": 352, 
                "type": "process"
            }, 
            {
                "process_path": "C:\\Users\\Administrator\\AppData\\Local\\Temp\\Lab15-01.exe", 
                "calls": [
                    {
                        "category": "misc", 
                        "status": 1, 
                        "stacktrace": [], 
                        "api": "WriteConsoleA", 
                        "return_value": 1, 
                        "arguments": {
                            "buffer": "Son, I am disappoint.", 
                            "console_handle": "0x00000007"
                        }, 
                        "time": 1501002613.89, 
                        "tid": 2420, 
                        "flags": {}
                    }, 
                    {
                        "category": "system", 
                        "status": 0, 
                        "stacktrace": [], 
                        "last_error": 0, 
                        "nt_status": -1073741515, 
                        "api": "LdrGetDllHandle", 
                        "return_value": 3221225781, 
                        "arguments": {
                            "module_name": "mscoree.dll", 
                            "module_address": "0x00000000"
                        }, 
                        "time": 1501002613.89, 
                        "tid": 2420, 
                        "flags": {}
                    }, 
                    {
                        "category": "system", 
                        "status": 0, 
                        "stacktrace": [], 
                        "last_error": 0, 
                        "nt_status": -1073741515, 
                        "api": "LdrGetDllHandle", 
                        "return_value": 3221225781, 
                        "arguments": {
                            "module_name": "mscoree.dll", 
                            "module_address": "0x00000000"
                        }, 
                        "time": 1501002613.89, 
                        "tid": 2420, 
                        "flags": {}
                    }, 
                    {
                        "category": "process", 
                        "status": 0, 
                        "stacktrace": [], 
                        "last_error": 126, 
                        "nt_status": -1073741515, 
                        "api": "NtTerminateProcess", 
                        "return_value": 0, 
                        "arguments": {
                            "status_code": "0x00000000", 
                            "process_identifier": 0, 
                            "process_handle": "0x00000000"
                        }, 
                        "time": 1501002613.89, 
                        "tid": 2420, 
                        "flags": {}
                    }, 
                    {
                        "category": "process", 
                        "status": 1, 
                        "stacktrace": [], 
                        "api": "NtTerminateProcess", 
                        "return_value": 0, 
                        "arguments": {
                            "status_code": "0x00000000", 
                            "process_identifier": 0, 
                            "process_handle": "0x00000000"
                        }, 
                        "time": 1501002613.89, 
                        "tid": 2420, 
                        "flags": {}
                    }, 
                    {
                        "category": "process", 
                        "status": 0, 
                        "stacktrace": [], 
                        "last_error": 126, 
                        "nt_status": -1073741515, 
                        "api": "NtTerminateProcess", 
                        "return_value": 0, 
                        "arguments": {
                            "status_code": "0x00000000", 
                            "process_identifier": 2416, 
                            "process_handle": "0xffffffff"
                        }, 
                        "time": 1501002614.031, 
                        "tid": 2420, 
                        "flags": {}
                    }
                ], 
                "track": true, 
                "pid": 2416, 
                "process_name": "Lab15-01.exe", 
                "command_line": "\"C:\\Users\\Administrator\\AppData\\Local\\Temp\\Lab15-01.exe\" ", 
                "modules": [
                    {
                        "basename": "Lab15-01.exe", 
                        "imgsize": 16384, 
                        "baseaddr": "0x400000", 
                        "filepath": "C:\\Users\\Administrator\\AppData\\Local\\Temp\\Lab15-01.exe"
                    }, 
                    {
                        "basename": "ntdll.dll", 
                        "imgsize": 1572864, 
                        "baseaddr": "0x7de70000", 
                        "filepath": "C:\\Windows\\SysWOW64\\ntdll.dll"
                    }, 
                    {
                        "basename": "kernel32.dll", 
                        "imgsize": 1114112, 
                        "baseaddr": "0x7dd60000", 
                        "filepath": "C:\\Windows\\syswow64\\kernel32.dll"
                    }, 
                    {
                        "basename": "KERNELBASE.dll", 
                        "imgsize": 290816, 
                        "baseaddr": "0x7d850000", 
                        "filepath": "C:\\Windows\\syswow64\\KERNELBASE.dll"
                    }, 
                    {
                        "basename": "MSVCRT.dll", 
                        "imgsize": 704512, 
                        "baseaddr": "0x6ff50000", 
                        "filepath": "C:\\Windows\\syswow64\\MSVCRT.dll"
                    }, 
                    {
                        "basename": "monitor-x86.dll", 
                        "imgsize": 2084864, 
                        "baseaddr": "0x63bc0000", 
                        "filepath": "C:\\tmpmedxdr\\bin\\monitor-x86.dll"
                    }
                ], 
                "time": 0, 
                "tid": 2420, 
                "first_seen": 1501002613.875, 
                "ppid": 2388, 
                "type": "process"
            }
        ], 
        "processtree": [
            {
                "track": false, 
                "pid": 460, 
                "process_name": "lsass.exe", 
                "command_line": "C:\\Windows\\system32\\lsass.exe", 
                "first_seen": 1501002613.609375, 
                "ppid": 352, 
                "children": []
            }, 
            {
                "track": true, 
                "pid": 2416, 
                "process_name": "Lab15-01.exe", 
                "command_line": "\"C:\\Users\\Administrator\\AppData\\Local\\Temp\\Lab15-01.exe\" ", 
                "first_seen": 1501002613.875, 
                "ppid": 2388, 
                "children": []
            }
        ]
    }, 
    "debug": {
        "action": [], 
        "dbgview": [], 
        "errors": [], 
        "log": [
            "2017-07-25 18:10:13,015 [analyzer] DEBUG: Starting analyzer from: C:\\tmpmedxdr\n", 
            "2017-07-25 18:10:13,015 [analyzer] DEBUG: Pipe server name: \\??\\PIPE\\brRkqMhaioDDpJhMXiXtOapGbZEsBJ\n", 
            "2017-07-25 18:10:13,015 [analyzer] DEBUG: Log pipe server name: \\??\\PIPE\\dRGHcXQjdfVvujPcqOrizzjWOR\n", 
            "2017-07-25 18:10:13,155 [analyzer] DEBUG: Started auxiliary module DbgView\n", 
            "2017-07-25 18:10:13,453 [analyzer] DEBUG: Started auxiliary module Disguise\n", 
            "2017-07-25 18:10:13,546 [analyzer] WARNING: Unable to find the correct offsets for functions of: 64-bit kernel32.dll (with timestamp 0x50b8479a)\n", 
            "2017-07-25 18:10:13,546 [analyzer] WARNING: Unable to find the correct offsets for functions of: 64-bit kernel32.dll (with timestamp 0x50b8479a)\n", 
            "2017-07-25 18:10:13,608 [analyzer] DEBUG: Loaded monitor into process with pid 460\n", 
            "2017-07-25 18:10:13,608 [analyzer] DEBUG: Started auxiliary module DumpTLSMasterSecrets\n", 
            "2017-07-25 18:10:13,608 [analyzer] DEBUG: Started auxiliary module Human\n", 
            "2017-07-25 18:10:13,608 [analyzer] DEBUG: Started auxiliary module InstallCertificate\n", 
            "2017-07-25 18:10:13,608 [analyzer] DEBUG: Started auxiliary module Reboot\n", 
            "2017-07-25 18:10:13,671 [analyzer] DEBUG: Started auxiliary module RecentFiles\n", 
            "2017-07-25 18:10:13,671 [analyzer] DEBUG: Started auxiliary module Screenshots\n", 
            "2017-07-25 18:10:13,671 [analyzer] DEBUG: Started auxiliary module LoadZer0m0n\n", 
            "2017-07-25 18:10:13,717 [lib.api.process] INFO: Successfully executed process from path u'C:\\\\Users\\\\ADMINI~1\\\\AppData\\\\Local\\\\Temp\\\\Lab15-01.exe' with arguments '' and pid 2416\n", 
            "2017-07-25 18:10:13,812 [analyzer] WARNING: Unable to find the correct offsets for functions of: 32-bit kernel32.dll (with timestamp 0x50b83c89)\n", 
            "2017-07-25 18:10:13,812 [analyzer] WARNING: Unable to find the correct offsets for functions of: 32-bit kernel32.dll (with timestamp 0x50b83c89)\n", 
            "2017-07-25 18:10:13,890 [analyzer] DEBUG: Loaded monitor into process with pid 2416\n", 
            "2017-07-25 18:10:14,030 [lib.api.process] INFO: Memory dump of process with pid 2416 completed\n", 
            "2017-07-25 18:10:14,780 [analyzer] INFO: Process with pid 2416 has terminated\n", 
            "2017-07-25 18:10:14,780 [analyzer] INFO: Process list is empty, terminating analysis.\n", 
            "2017-07-25 18:10:15,780 [analyzer] INFO: Analysis completed.\n"
        ], 
        "cuckoo": [
            "2017-07-25 18:10:13,936 [cuckoo.core.scheduler] INFO: Task #1: acquired machine cuckoo1 (label=cuckoo1)\n", 
            "2017-07-25 18:10:13,942 [cuckoo.auxiliary.sniffer] INFO: Started sniffer with PID 7872 (interface=vboxnet0, host=192.168.56.101)\n", 
            "2017-07-25 18:10:13,942 [cuckoo.core.plugins] DEBUG: Started auxiliary module: Sniffer\n", 
            "2017-07-25 18:10:14,071 [cuckoo.machinery.virtualbox] DEBUG: Starting vm cuckoo1\n", 
            "2017-07-25 18:10:14,235 [cuckoo.machinery.virtualbox] DEBUG: Restoring virtual machine cuckoo1 to its current snapshot\n", 
            "2017-07-25 18:10:17,611 [cuckoo.core.guest] INFO: Starting analysis on guest (id=cuckoo1, ip=192.168.56.101)\n", 
            "2017-07-25 18:10:18,619 [cuckoo.core.guest] DEBUG: cuckoo1: not ready yet\n", 
            "2017-07-25 18:10:19,625 [cuckoo.core.guest] DEBUG: cuckoo1: not ready yet\n", 
            "2017-07-25 18:10:20,631 [cuckoo.core.guest] DEBUG: cuckoo1: not ready yet\n", 
            "2017-07-25 18:10:21,638 [cuckoo.core.guest] DEBUG: cuckoo1: not ready yet\n", 
            "2017-07-25 18:10:22,652 [cuckoo.core.guest] INFO: Guest is running Cuckoo Agent 0.7 (id=cuckoo1, ip=192.168.56.101)\n", 
            "2017-07-25 18:10:22,705 [cuckoo.core.guest] DEBUG: Uploading analyzer to guest (id=cuckoo1, ip=192.168.56.101, monitor=latest, size=3819773)\n", 
            "2017-07-25 18:10:23,057 [cuckoo.core.guest] DEBUG: cuckoo1: analysis still processing\n", 
            "2017-07-25 18:10:23,169 [cuckoo.core.resultserver] DEBUG: LogHandler for live analysis.log initialized.\n", 
            "2017-07-25 18:10:24,076 [cuckoo.core.resultserver] DEBUG: New process (pid=2416, ppid=2388, name=Lab15-01.exe)\n", 
            "2017-07-25 18:10:24,082 [cuckoo.core.guest] DEBUG: cuckoo1: analysis still processing\n", 
            "2017-07-25 18:10:24,168 [cuckoo.core.resultserver] DEBUG: File upload request for memory/2416-1.dmp\n", 
            "2017-07-25 18:10:24,223 [cuckoo.core.resultserver] DEBUG: Uploaded file length: 8895104\n", 
            "2017-07-25 18:10:24,976 [cuckoo.core.resultserver] DEBUG: File upload request for shots/0001.jpg\n", 
            "2017-07-25 18:10:24,983 [cuckoo.core.resultserver] DEBUG: Uploaded file length: 78482\n", 
            "2017-07-25 18:10:25,092 [cuckoo.core.guest] DEBUG: cuckoo1: analysis still processing\n", 
            "2017-07-25 18:10:26,098 [cuckoo.core.guest] INFO: cuckoo1: analysis completed successfully\n", 
            "2017-07-25 18:10:26,493 [cuckoo.core.plugins] DEBUG: Stopped auxiliary module: Sniffer\n", 
            "2017-07-25 18:10:46,762 [cuckoo.machinery.virtualbox] INFO: Successfully generated memory dump for virtual machine with label cuckoo1 to path /home/tempuser/.cuckoo/storage/analyses/1/memory.dmp\n", 
            "2017-07-25 18:10:48,845 [cuckoo.machinery.virtualbox] DEBUG: Stopping vm cuckoo1\n", 
            "2017-07-25 18:10:58,477 [cuckoo.core.scheduler] DEBUG: Released database task #1\n", 
            "2017-07-25 18:10:58,635 [cuckoo.core.plugins] DEBUG: Executed processing module \"AnalysisInfo\" for task #1\n", 
            "2017-07-25 18:10:58,639 [cuckoo.core.plugins] DEBUG: Executed processing module \"BehaviorAnalysis\" for task #1\n", 
            "2017-07-25 18:10:58,640 [cuckoo.core.plugins] DEBUG: Executed processing module \"Dropped\" for task #1\n", 
            "2017-07-25 18:10:58,640 [cuckoo.core.plugins] DEBUG: Executed processing module \"DroppedBuffer\" for task #1\n", 
            "2017-07-25 18:10:58,641 [cuckoo.core.plugins] DEBUG: Executed processing module \"Extracted\" for task #1\n", 
            "2017-07-25 18:10:58,780 [cuckoo.core.plugins] DEBUG: Executed processing module \"MetaInfo\" for task #1\n", 
            "2017-07-25 18:10:58,852 [cuckoo.core.plugins] DEBUG: Executed processing module \"ProcessMemory\" for task #1\n", 
            "2017-07-25 18:10:58,852 [cuckoo.core.plugins] DEBUG: Executed processing module \"Procmon\" for task #1\n", 
            "2017-07-25 18:10:59,458 [cuckoo.core.plugins] DEBUG: Executed processing module \"Screenshots\" for task #1\n", 
            "2017-07-25 18:10:59,825 [cuckoo.core.plugins] DEBUG: Executed processing module \"Static\" for task #1\n", 
            "2017-07-25 18:10:59,827 [cuckoo.core.plugins] DEBUG: Executed processing module \"Strings\" for task #1\n", 
            "2017-07-25 18:10:59,828 [cuckoo.core.plugins] DEBUG: Executed processing module \"TargetInfo\" for task #1\n", 
            "2017-07-25 18:11:00,236 [cuckoo.core.plugins] DEBUG: Executed processing module \"NetworkAnalysis\" for task #1\n", 
            "2017-07-25 18:11:00,236 [cuckoo.core.plugins] DEBUG: Executed processing module \"TLSMasterSecrets\" for task #1\n", 
            "2017-07-25 18:11:00,273 [cuckoo.core.plugins] DEBUG: Executed processing module \"Debug\" for task #1\n", 
            "2017-07-25 18:11:00,275 [cuckoo.core.plugins] DEBUG: You are running a version of Cuckoo that's not compatible with this signature (either it's too old or too new): cuckoo=2.0.4a3 signature=amsi_bypass minversion=2.0.4 maxversion=None\n", 
            "2017-07-25 18:11:00,276 [cuckoo.core.plugins] DEBUG: You are running a version of Cuckoo that's not compatible with this signature (either it's too old or too new): cuckoo=2.0.4a3 signature=applocker_bypass minversion=2.0.4 maxversion=None\n", 
            "2017-07-25 18:11:00,283 [cuckoo.core.plugins] DEBUG: You are running a version of Cuckoo that's not compatible with this signature (either it's too old or too new): cuckoo=2.0.4a3 signature=metasploit_shellcode minversion=2.0.4 maxversion=None\n", 
            "2017-07-25 18:11:00,285 [cuckoo.core.plugins] DEBUG: You are running a version of Cuckoo that's not compatible with this signature (either it's too old or too new): cuckoo=2.0.4a3 signature=powerfun minversion=2.0.4 maxversion=None\n", 
            "2017-07-25 18:11:00,285 [cuckoo.core.plugins] DEBUG: You are running a version of Cuckoo that's not compatible with this signature (either it's too old or too new): cuckoo=2.0.4a3 signature=powershell_bitstransfer minversion=2.0.4 maxversion=None\n", 
            "2017-07-25 18:11:00,285 [cuckoo.core.plugins] DEBUG: You are running a version of Cuckoo that's not compatible with this signature (either it's too old or too new): cuckoo=2.0.4a3 signature=powershell_c2dns minversion=2.0.4 maxversion=None\n", 
            "2017-07-25 18:11:00,286 [cuckoo.core.plugins] DEBUG: You are running a version of Cuckoo that's not compatible with this signature (either it's too old or too new): cuckoo=2.0.4a3 signature=powershell_ddi_rc4 minversion=2.0.4 maxversion=None\n", 
            "2017-07-25 18:11:00,286 [cuckoo.core.plugins] DEBUG: You are running a version of Cuckoo that's not compatible with this signature (either it's too old or too new): cuckoo=2.0.4a3 signature=powershell_dfsp minversion=2.0.4 maxversion=None\n", 
            "2017-07-25 18:11:00,286 [cuckoo.core.plugins] DEBUG: You are running a version of Cuckoo that's not compatible with this signature (either it's too old or too new): cuckoo=2.0.4a3 signature=powershell_di minversion=2.0.4 maxversion=None\n", 
            "2017-07-25 18:11:00,286 [cuckoo.core.plugins] DEBUG: You are running a version of Cuckoo that's not compatible with this signature (either it's too old or too new): cuckoo=2.0.4a3 signature=powershell_empire minversion=2.0.4 maxversion=None\n", 
            "2017-07-25 18:11:00,287 [cuckoo.core.plugins] DEBUG: You are running a version of Cuckoo that's not compatible with this signature (either it's too old or too new): cuckoo=2.0.4a3 signature=powershell_meterpreter minversion=2.0.4 maxversion=None\n", 
            "2017-07-25 18:11:00,287 [cuckoo.core.plugins] DEBUG: You are running a version of Cuckoo that's not compatible with this signature (either it's too old or too new): cuckoo=2.0.4a3 signature=powershell_reg_add minversion=2.0.4 maxversion=None\n", 
            "2017-07-25 18:11:00,287 [cuckoo.core.plugins] DEBUG: You are running a version of Cuckoo that's not compatible with this signature (either it's too old or too new): cuckoo=2.0.4a3 signature=powershell_unicorn minversion=2.0.4 maxversion=None\n", 
            "2017-07-25 18:11:00,288 [cuckoo.core.plugins] DEBUG: You are running a version of Cuckoo that's not compatible with this signature (either it's too old or too new): cuckoo=2.0.4a3 signature=powerworm minversion=2.0.4 maxversion=None\n", 
            "2017-07-25 18:11:00,293 [cuckoo.core.plugins] DEBUG: Running 425 signatures\n", 
            "2017-07-25 18:11:00,543 [cuckoo.core.plugins] DEBUG: Analysis matched signature: network_http\n"
        ]
    }, 
    "screenshots": [
        {
            "path": "/home/tempuser/.cuckoo/storage/analyses/1/shots/0001.jpg", 
            "ocr": ""
        }
    ], 
    "strings": [
        "!This program cannot be run in DOS mode.", 
        "`.rdata", 
        "@.data", 
        "printf", 
        "MSVCRT.dll", 
        "_XcptFilter", 
        "__p___initenv", 
        "__getmainargs", 
        "_initterm", 
        "__setusermatherr", 
        "_adjust_fdiv", 
        "__p__commode", 
        "__p__fmode", 
        "__set_app_type", 
        "_except_handler3", 
        "_controlfp", 
        "Good Job!", 
        "Son, I am disappoint."
    ], 
    "metadata": {
        "output": {
            "memdumps": [
                {
                    "basename": "2416-1.dmp", 
                    "sha256": "26b5af650747c8ba3187e57c594b425af61013e497401c9f287d872cbe142f3d", 
                    "dirname": "memory"
                }
            ], 
            "pcap": {
                "basename": "dump.pcap", 
                "sha256": "9f24f6bb6b9f79f773a38dc226f7ce9ad42167e5f3f76a842f949a4696859410", 
                "dirname": ""
            }
        }
    }
}